4,0,./parser/test_scripts/pkg/dictionary/angular-bridge.js
4,0,./parser/test_scripts/pkg/dictionary/any-promise.js
4,0,./parser/test_scripts/pkg/dictionary/async.js
8,0,./parser/test_scripts/pkg/dictionary/aws-sdk.js
4,0,./parser/test_scripts/pkg/dictionary/babel-core.js
4,0,./parser/test_scripts/pkg/dictionary/batch.js
4,0,./parser/test_scripts/pkg/dictionary/bcrypt.js
4,0,./parser/test_scripts/pkg/dictionary/better-sqlite3.js
4,0,./parser/test_scripts/pkg/dictionary/bignum.js
4,0,./parser/test_scripts/pkg/dictionary/bindings.js
9,0,./parser/test_scripts/pkg/dictionary/blessed.js
10,0,./parser/test_scripts/pkg/dictionary/body-parser.js
8,0,./parser/test_scripts/pkg/dictionary/browserify.js
4,0,./parser/test_scripts/pkg/dictionary/bson.js
8,0,./parser/test_scripts/pkg/dictionary/buffermaker.js
10,0,./parser/test_scripts/pkg/dictionary/bunyan.js
8,0,./parser/test_scripts/pkg/dictionary/busboy.js
4,0,./parser/test_scripts/pkg/dictionary/bytes.js
4,0,./parser/test_scripts/pkg/dictionary/callsites.js
4,0,./parser/test_scripts/pkg/dictionary/chokidar.js
8,0,./parser/test_scripts/pkg/dictionary/coffee-script.js
4,0,./parser/test_scripts/pkg/dictionary/colors.js
4,0,./parser/test_scripts/pkg/dictionary/compression.js
8,0,./parser/test_scripts/pkg/dictionary/compressjs.js
4,0,./parser/test_scripts/pkg/dictionary/connect-mongo.js
4,0,./parser/test_scripts/pkg/dictionary/connect-mongodb.js
4,0,./parser/test_scripts/pkg/dictionary/connect-redis.js
11,0,./parser/test_scripts/pkg/dictionary/connect.js
4,0,./parser/test_scripts/pkg/dictionary/consolidate.js
4,0,./parser/test_scripts/pkg/dictionary/cookie-parser.js
4,0,./parser/test_scripts/pkg/dictionary/cookie.js
4,0,./parser/test_scripts/pkg/dictionary/cors.js
4,0,./parser/test_scripts/pkg/dictionary/cron.js
12,0,./parser/test_scripts/pkg/dictionary/cross-env.js
4,0,./parser/test_scripts/pkg/dictionary/cross-spawn-async.js
4,0,./parser/test_scripts/pkg/dictionary/curve25519.js
8,0,./parser/test_scripts/pkg/dictionary/data-preflight.js
4,0,./parser/test_scripts/pkg/dictionary/debug.js
4,0,./parser/test_scripts/pkg/dictionary/denymount.js
4,0,./parser/test_scripts/pkg/dictionary/diff.js
23,0,./parser/test_scripts/pkg/dictionary/drivelist.js
4,0,./parser/test_scripts/pkg/dictionary/ed25519.js
4,0,./parser/test_scripts/pkg/dictionary/ejs.js
4,0,./parser/test_scripts/pkg/dictionary/elasticsearch.js
18,0,./parser/test_scripts/pkg/dictionary/electron.js
4,0,./parser/test_scripts/pkg/dictionary/emailjs.js
4,0,./parser/test_scripts/pkg/dictionary/engine.io.js
4,0,./parser/test_scripts/pkg/dictionary/epoll.js
8,0,./parser/test_scripts/pkg/dictionary/errorhandler.js
8,0,./parser/test_scripts/pkg/dictionary/errors.js
8,0,./parser/test_scripts/pkg/dictionary/eslint.js
4,0,./parser/test_scripts/pkg/dictionary/etcher-image-write.js
22,0,./parser/test_scripts/pkg/dictionary/exceljs.js
14,0,./parser/test_scripts/pkg/dictionary/exiftool.exe.js
14,0,./parser/test_scripts/pkg/dictionary/exiftool.pl.js
13,0,./parser/test_scripts/pkg/dictionary/express-load.js
4,0,./parser/test_scripts/pkg/dictionary/express-session.js
15,0,./parser/test_scripts/pkg/dictionary/express.js
12,0,./parser/test_scripts/pkg/dictionary/extender.js
4,0,./parser/test_scripts/pkg/dictionary/extsprintf.js
4,0,./parser/test_scripts/pkg/dictionary/faye-websocket.js
4,0,./parser/test_scripts/pkg/dictionary/feathers.js
4,0,./parser/test_scripts/pkg/dictionary/findup-sync.js
4,0,./parser/test_scripts/pkg/dictionary/floordate.js
4,0,./parser/test_scripts/pkg/dictionary/fmt.js
4,0,./parser/test_scripts/pkg/dictionary/formidable.js
4,0,./parser/test_scripts/pkg/dictionary/fs-extra.js
4,0,./parser/test_scripts/pkg/dictionary/fsevents.js
8,0,./parser/test_scripts/pkg/dictionary/geoip-lite.js
8,0,./parser/test_scripts/pkg/dictionary/github.js
4,0,./parser/test_scripts/pkg/dictionary/gm.js
14,0,./parser/test_scripts/pkg/dictionary/google-closure-compiler-java.js
14,0,./parser/test_scripts/pkg/dictionary/google-closure-compiler.js
8,0,./parser/test_scripts/pkg/dictionary/googleapis.js
4,0,./parser/test_scripts/pkg/dictionary/got.js
20,0,./parser/test_scripts/pkg/dictionary/graceful-fs.js
12,0,./parser/test_scripts/pkg/dictionary/grpc.js
4,0,./parser/test_scripts/pkg/dictionary/gulp.js
4,0,./parser/test_scripts/pkg/dictionary/hap-nodejs.js
4,0,./parser/test_scripts/pkg/dictionary/heapdump.js
4,0,./parser/test_scripts/pkg/dictionary/hoek.js
4,0,./parser/test_scripts/pkg/dictionary/homebridge.js
4,0,./parser/test_scripts/pkg/dictionary/http-proxy.js
4,0,./parser/test_scripts/pkg/dictionary/http-server.js
4,0,./parser/test_scripts/pkg/dictionary/image-size.js
4,0,./parser/test_scripts/pkg/dictionary/indexof.js
4,0,./parser/test_scripts/pkg/dictionary/inquirer.js
17,0,./parser/test_scripts/pkg/dictionary/j.js
4,0,./parser/test_scripts/pkg/dictionary/jade.js
4,0,./parser/test_scripts/pkg/dictionary/jsdom.js
4,0,./parser/test_scripts/pkg/dictionary/json-stringify-date.js
4,0,./parser/test_scripts/pkg/dictionary/json-stringify-safe.js
4,0,./parser/test_scripts/pkg/dictionary/jsonwebtoken.js
4,0,./parser/test_scripts/pkg/dictionary/kerberos.js
8,0,./parser/test_scripts/pkg/dictionary/knex.js
8,0,./parser/test_scripts/pkg/dictionary/later.js
4,0,./parser/test_scripts/pkg/dictionary/level.js
11,0,./parser/test_scripts/pkg/dictionary/leveldown.js
4,0,./parser/test_scripts/pkg/dictionary/levelup.js
13,0,./parser/test_scripts/pkg/dictionary/liftoff.js
4,0,./parser/test_scripts/pkg/dictionary/lodash.js
8,0,./parser/test_scripts/pkg/dictionary/log4js.js
8,0,./parser/test_scripts/pkg/dictionary/logform.js
8,0,./parser/test_scripts/pkg/dictionary/machinepack-urls.js
4,0,./parser/test_scripts/pkg/dictionary/markdown.js
7,0,./parser/test_scripts/pkg/dictionary/mdns.js
4,0,./parser/test_scripts/pkg/dictionary/method-override.js
17,0,./parser/test_scripts/pkg/dictionary/microjob.js
4,0,./parser/test_scripts/pkg/dictionary/mime-types.js
4,0,./parser/test_scripts/pkg/dictionary/mime.js
4,0,./parser/test_scripts/pkg/dictionary/minimatch.js
4,0,./parser/test_scripts/pkg/dictionary/minstache.js
4,0,./parser/test_scripts/pkg/dictionary/module-deps.js
4,0,./parser/test_scripts/pkg/dictionary/moment-timezone.js
8,0,./parser/test_scripts/pkg/dictionary/moment.js
23,0,./parser/test_scripts/pkg/dictionary/mongodb-core.js
8,0,./parser/test_scripts/pkg/dictionary/mongodb.js
8,0,./parser/test_scripts/pkg/dictionary/mongoose.js
8,0,./parser/test_scripts/pkg/dictionary/mongoskin.js
4,0,./parser/test_scripts/pkg/dictionary/ms.js
4,0,./parser/test_scripts/pkg/dictionary/msgpack.js
4,0,./parser/test_scripts/pkg/dictionary/multer.js
4,0,./parser/test_scripts/pkg/dictionary/muri.js
4,0,./parser/test_scripts/pkg/dictionary/native-or-bluebird.js
4,0,./parser/test_scripts/pkg/dictionary/natives.js
8,0,./parser/test_scripts/pkg/dictionary/nconf.js
4,0,./parser/test_scripts/pkg/dictionary/nedb.js
8,0,./parser/test_scripts/pkg/dictionary/negotiator.js
4,0,./parser/test_scripts/pkg/dictionary/newrelic.js
4,0,./parser/test_scripts/pkg/dictionary/nib.js
19,0,./parser/test_scripts/pkg/dictionary/nightmare.js
8,0,./parser/test_scripts/pkg/dictionary/node-forge.js
4,0,./parser/test_scripts/pkg/dictionary/node-libcurl.js
31,0,./parser/test_scripts/pkg/dictionary/node-notifier.js
8,0,./parser/test_scripts/pkg/dictionary/node-pre-gyp.js
4,0,./parser/test_scripts/pkg/dictionary/node-redis-pubsub.js
4,0,./parser/test_scripts/pkg/dictionary/node-sass.js
4,0,./parser/test_scripts/pkg/dictionary/node-uuid.js
4,0,./parser/test_scripts/pkg/dictionary/node-xlsx.js
8,0,./parser/test_scripts/pkg/dictionary/node-zookeeper-client.js
8,0,./parser/test_scripts/pkg/dictionary/nodegit.js
4,0,./parser/test_scripts/pkg/dictionary/nodemailer-sendmail-transport.js
4,0,./parser/test_scripts/pkg/dictionary/nodemailer.js
8,0,./parser/test_scripts/pkg/dictionary/npm-registry-client.js
8,0,./parser/test_scripts/pkg/dictionary/npm.js
4,0,./parser/test_scripts/pkg/dictionary/nssocket.js
8,0,./parser/test_scripts/pkg/dictionary/oauth2orize.js
4,0,./parser/test_scripts/pkg/dictionary/octobat.js
14,0,./parser/test_scripts/pkg/dictionary/open.js
5,0,./parser/test_scripts/pkg/dictionary/opn.js
4,0,./parser/test_scripts/pkg/dictionary/optimist.js
4,0,./parser/test_scripts/pkg/dictionary/passport-local.js
4,0,./parser/test_scripts/pkg/dictionary/passport.js
4,0,./parser/test_scripts/pkg/dictionary/pg-cursor.js
4,0,./parser/test_scripts/pkg/dictionary/pg-query-stream.js
8,0,./parser/test_scripts/pkg/dictionary/pg-types.js
8,0,./parser/test_scripts/pkg/dictionary/pg.js
8,0,./parser/test_scripts/pkg/dictionary/pg.js.js
8,0,./parser/test_scripts/pkg/dictionary/pgpass.js
20,0,./parser/test_scripts/pkg/dictionary/phantom.js
17,0,./parser/test_scripts/pkg/dictionary/phantomjs-prebuilt.js
4,0,./parser/test_scripts/pkg/dictionary/pkginfo.js
8,0,./parser/test_scripts/pkg/dictionary/pm2.js
4,0,./parser/test_scripts/pkg/dictionary/pmx.js
4,0,./parser/test_scripts/pkg/dictionary/pouchdb.js
4,0,./parser/test_scripts/pkg/dictionary/primus-emitter.js
4,0,./parser/test_scripts/pkg/dictionary/primus-spark-latency.js
4,0,./parser/test_scripts/pkg/dictionary/primus.js
16,0,./parser/test_scripts/pkg/dictionary/publicsuffixlist.js
4,0,./parser/test_scripts/pkg/dictionary/pug.js
4,0,./parser/test_scripts/pkg/dictionary/punt.js
14,0,./parser/test_scripts/pkg/dictionary/puppeteer.js
4,0,./parser/test_scripts/pkg/dictionary/pwd.js
4,0,./parser/test_scripts/pkg/dictionary/q.js
4,0,./parser/test_scripts/pkg/dictionary/raven.js
13,0,./parser/test_scripts/pkg/dictionary/rc.js
4,0,./parser/test_scripts/pkg/dictionary/readable-stream.js
4,0,./parser/test_scripts/pkg/dictionary/rechoir.js
4,0,./parser/test_scripts/pkg/dictionary/redis-parser.js
4,0,./parser/test_scripts/pkg/dictionary/redis.js
4,0,./parser/test_scripts/pkg/dictionary/regression.js
8,0,./parser/test_scripts/pkg/dictionary/reload.js
4,0,./parser/test_scripts/pkg/dictionary/request.js
4,0,./parser/test_scripts/pkg/dictionary/require-uncached.js
4,0,./parser/test_scripts/pkg/dictionary/require_optional.js
4,0,./parser/test_scripts/pkg/dictionary/s3.js
4,0,./parser/test_scripts/pkg/dictionary/safe_datejs.js
34,0,./parser/test_scripts/pkg/dictionary/sails.js
4,0,./parser/test_scripts/pkg/dictionary/sax.js
4,0,./parser/test_scripts/pkg/dictionary/scrypt.js
4,0,./parser/test_scripts/pkg/dictionary/semver.js
8,0,./parser/test_scripts/pkg/dictionary/sequelize.js
4,0,./parser/test_scripts/pkg/dictionary/serialport.js
4,0,./parser/test_scripts/pkg/dictionary/sha3.js
12,0,./parser/test_scripts/pkg/dictionary/sharp.js
8,0,./parser/test_scripts/pkg/dictionary/shelljs.js
4,0,./parser/test_scripts/pkg/dictionary/sinon.js
14,0,./parser/test_scripts/pkg/dictionary/socket.io-client.js
13,0,./parser/test_scripts/pkg/dictionary/socket.io.js
8,0,./parser/test_scripts/pkg/dictionary/sqip.js
4,0,./parser/test_scripts/pkg/dictionary/sqlite3.js
8,0,./parser/test_scripts/pkg/dictionary/steam-crypto.js
20,0,./parser/test_scripts/pkg/dictionary/steam-resources.js
4,0,./parser/test_scripts/pkg/dictionary/steam.js
4,0,./parser/test_scripts/pkg/dictionary/stripe-webhook-middleware.js
4,0,./parser/test_scripts/pkg/dictionary/stripe.js
4,0,./parser/test_scripts/pkg/dictionary/strong-globalize.js
15,0,./parser/test_scripts/pkg/dictionary/stylus.js
4,0,./parser/test_scripts/pkg/dictionary/supervisor.js
9,0,./parser/test_scripts/pkg/dictionary/svgo.js
4,0,./parser/test_scripts/pkg/dictionary/tabtab.js
8,0,./parser/test_scripts/pkg/dictionary/tesseract.js.js
4,0,./parser/test_scripts/pkg/dictionary/throng.js
4,0,./parser/test_scripts/pkg/dictionary/time.js
8,0,./parser/test_scripts/pkg/dictionary/tinify.js
8,0,./parser/test_scripts/pkg/dictionary/tiny-worker.js
4,0,./parser/test_scripts/pkg/dictionary/tmp.js
4,0,./parser/test_scripts/pkg/dictionary/transformers.js
10,0,./parser/test_scripts/pkg/dictionary/uglify-js.js
20,0,./parser/test_scripts/pkg/dictionary/umd.js
4,0,./parser/test_scripts/pkg/dictionary/underscore.js
4,0,./parser/test_scripts/pkg/dictionary/union.js
4,0,./parser/test_scripts/pkg/dictionary/update-notifier.js
8,0,./parser/test_scripts/pkg/dictionary/usage.js
14,0,./parser/test_scripts/pkg/dictionary/v8flags.js
4,0,./parser/test_scripts/pkg/dictionary/verror.js
4,0,./parser/test_scripts/pkg/dictionary/voc.js
8,0,./parser/test_scripts/pkg/dictionary/webdriverio.js
8,0,./parser/test_scripts/pkg/dictionary/winston-uber.js
8,0,./parser/test_scripts/pkg/dictionary/winston.js
4,0,./parser/test_scripts/pkg/dictionary/ws.js
17,0,./parser/test_scripts/pkg/dictionary/xlsx.js
4,0,./parser/test_scripts/pkg/dictionary/xml2js.js
4,0,./parser/test_scripts/pkg/dictionary/yargs.js
14,0,./parser/test_scripts/pkg/dictionary/zeromq.js
18,0,./parser/test_scripts/pkg/examples/express/index.js
2,0,./parser/test_scripts/pkg/lib/log.js
2257,182,./parser/test_scripts/pkg/prelude/bootstrap.js
94,4,./parser/test_scripts/pkg/prelude/diagnostic.js
6,0,./parser/test_scripts/pkg/test/test-10-pnpm/test.js
5,0,./parser/test_scripts/pkg/test/test-11-pnpm/test.js
4,0,./parser/test_scripts/pkg/test/test-42-path-related-values/project/app.js
20,0,./parser/test_scripts/pkg/test/test-42-path-related-values/project/module.js
4,0,./parser/test_scripts/pkg/test/test-46-input-js/test-x-index.js
4,0,./parser/test_scripts/pkg/test/test-46-input-output-js/test-x-index.js
4,0,./parser/test_scripts/pkg/test/test-46-input-output-js-exe/test-x-index.js
4,0,./parser/test_scripts/pkg/test/test-46-input-output-target-js/test-x-index.js
4,0,./parser/test_scripts/pkg/test/test-46-input-output-target-js-exe/test-x-index.js
4,0,./parser/test_scripts/pkg/test/test-46-input-output-targets-many-3/test-x-index.js
4,0,./parser/test_scripts/pkg/test/test-46-input-output-targets-many-4/test-x-index.js
4,0,./parser/test_scripts/pkg/test/test-46-input-output-targets-many-5/test-x-index.js
4,0,./parser/test_scripts/pkg/test/test-46-input-output-targets-many-6/test-x-index.js
4,0,./parser/test_scripts/pkg/test/test-46-input-package-json/test-x-index.js
4,0,./parser/test_scripts/pkg/test/test-46-input-package-json-dir/test-x-index.js
4,0,./parser/test_scripts/pkg/test/test-46-input-package-json-dir-scope/test-x-index.js
4,0,./parser/test_scripts/pkg/test/test-46-input-package-json-outputdir/test-x-index.js
4,0,./parser/test_scripts/pkg/test/test-46-input-package-json-target/test-x-index.js
4,0,./parser/test_scripts/pkg/test/test-46-input-target-js/test-x-index.js
4,0,./parser/test_scripts/pkg/test/test-46-input-target-js-exe/test-x-index.js
4,0,./parser/test_scripts/pkg/test/test-46-input-targets-many-3/test-x-index.js
4,0,./parser/test_scripts/pkg/test/test-46-input-targets-many-4/test-x-index.js
4,0,./parser/test_scripts/pkg/test/test-46-input-targets-many-5/test-x-index.js
4,0,./parser/test_scripts/pkg/test/test-46-input-targets-many-6/test-x-index.js
4,0,./parser/test_scripts/pkg/test/test-46-multi-arch/test-x-index.js
4,0,./parser/test_scripts/pkg/test/test-46-multi-arch-2/test-x-index.js
4,0,./parser/test_scripts/pkg/test/test-50-api/test-x-index.js
4,0,./parser/test_scripts/pkg/test/test-50-arguments/test-x-index.js
21,0,./parser/test_scripts/pkg/test/test-50-ast-parsing/test-x-index.js
29,0,./parser/test_scripts/pkg/test/test-50-ast-parsing-2/test-x-index.js
4,0,./parser/test_scripts/pkg/test/test-50-bakery/test-x-index.js
4,0,./parser/test_scripts/pkg/test/test-50-bakery-2/test-x-index.js
4,0,./parser/test_scripts/pkg/test/test-50-bakery-3/test-x-index.js
4,0,./parser/test_scripts/pkg/test/test-50-bakery-4/test-x-index.js
4,0,./parser/test_scripts/pkg/test/test-50-can-include-addon/test-x-index.js
4,0,./parser/test_scripts/pkg/test/test-50-cannot-css-script/test-x-index.js
4,0,./parser/test_scripts/pkg/test/test-50-cannot-include-df/node_modules/some-package/index.js
4,0,./parser/test_scripts/pkg/test/test-50-cannot-include-df/test-x-index.js
4,0,./parser/test_scripts/pkg/test/test-50-chdir-env-var/source/test-x-index.js
10,0,./parser/test_scripts/pkg/test/test-50-class-to-string/test-x-index.js
4,0,./parser/test_scripts/pkg/test/test-50-config-log/node_modules/stylus/index.js
4,0,./parser/test_scripts/pkg/test/test-50-config-log/test-x-index.js
5,0,./parser/test_scripts/pkg/test/test-50-console-trace/test-x-index.js
4,0,./parser/test_scripts/pkg/test/test-50-corrupt-executable/test-x-index.js
6,0,./parser/test_scripts/pkg/test/test-50-debug/test-x-index.js
20,0,./parser/test_scripts/pkg/test/test-50-error-source-position/test-x-index.js
17,0,./parser/test_scripts/pkg/test/test-50-extensions/test-x-index.js
4,0,./parser/test_scripts/pkg/test/test-50-extensions/test-y-esnext.js
2,0,./parser/test_scripts/pkg/test/test-50-extensions/test-z-sub.js
10,0,./parser/test_scripts/pkg/test/test-50-fs-runtime-layer/test-x-index.js
448,2,./parser/test_scripts/pkg/test/test-50-fs-runtime-layer/test-x1-index.js
1646,2,./parser/test_scripts/pkg/test/test-50-fs-runtime-layer/test-x2-index.js
1104,2,./parser/test_scripts/pkg/test/test-50-fs-runtime-layer/test-x3-index.js
382,9,./parser/test_scripts/pkg/test/test-50-fs-runtime-layer-2/test-x-index.js
50,2,./parser/test_scripts/pkg/test/test-50-fs-runtime-layer-3/test-x-index.js
10,0,./parser/test_scripts/pkg/test/test-50-global-object/test-x-index.js
5,0,./parser/test_scripts/pkg/test/test-50-global-object/test-y-resolve-A.js
5,0,./parser/test_scripts/pkg/test/test-50-global-object/test-y-resolve-B.js
6,0,./parser/test_scripts/pkg/test/test-50-inspect/test-x-index.js
4,0,./parser/test_scripts/pkg/test/test-50-invalid-package-json-2/test-x-index.js
4,0,./parser/test_scripts/pkg/test/test-50-invalid-unknown-token/test-x-index.js
436,3,./parser/test_scripts/pkg/test/test-50-many-arrow-functions/test-x-index.js
26,0,./parser/test_scripts/pkg/test/test-50-many-arrow-functions/test-z-creator.js
419,0,./parser/test_scripts/pkg/test/test-50-many-callbacks/test-x-index.js
12,0,./parser/test_scripts/pkg/test/test-50-many-callbacks/test-z-creator.js
69,2,./parser/test_scripts/pkg/test/test-50-may-exclude/test-x-index.js
73,0,./parser/test_scripts/pkg/test/test-50-may-exclude-must-exclude/test-x-index.js
4,0,./parser/test_scripts/pkg/test/test-50-may-exclude-must-exclude/test-y-index.js
5,0,./parser/test_scripts/pkg/test/test-50-module-parent/test-x-index.js
5,0,./parser/test_scripts/pkg/test/test-50-module-parent/test-y-fish-A.js
5,0,./parser/test_scripts/pkg/test/test-50-module-parent/test-y-fish-B.js
6,0,./parser/test_scripts/pkg/test/test-50-module-parent/test-y-fish-C.js
6,0,./parser/test_scripts/pkg/test/test-50-mountpoints/plugins-C-int/test-y-require-C.js
12,0,./parser/test_scripts/pkg/test/test-50-mountpoints/plugins-D-ext/test-y-require-D.js
20,0,./parser/test_scripts/pkg/test/test-50-mountpoints/test-x-index.js
6,1,./parser/test_scripts/pkg/test/test-50-mountpoints/test-y-common.js
11,0,./parser/test_scripts/pkg/test/test-50-native-addon/test-x-index.js
13,0,./parser/test_scripts/pkg/test/test-50-native-addon-2/test-x-index.js
10,0,./parser/test_scripts/pkg/test/test-50-native-addon-3/lib/community/test-y-index.js
10,0,./parser/test_scripts/pkg/test/test-50-native-addon-3/lib/enterprise/test-z-index.js
21,0,./parser/test_scripts/pkg/test/test-50-native-addon-3/lib/test-x-index.js
11,0,./parser/test_scripts/pkg/test/test-50-native-addon-4/test-x-index.js
4,0,./parser/test_scripts/pkg/test/test-50-no-signature/test-x-index.js
17,0,./parser/test_scripts/pkg/test/test-50-no-super-in-constructor/test-x-index.js
4,0,./parser/test_scripts/pkg/test/test-50-node-modules-tree/node_modules/test-y-fish-A/index.js
4,0,./parser/test_scripts/pkg/test/test-50-node-modules-tree/node_modules/test-y-fish-B/index.js
4,0,./parser/test_scripts/pkg/test/test-50-node-modules-tree/node_modules/test-y-fish-I/index.js
4,0,./parser/test_scripts/pkg/test/test-50-node-modules-tree/node_modules/test-y-fish-I/node_modules/test-y-fish-I/index.js
4,0,./parser/test_scripts/pkg/test/test-50-node-modules-tree/node_modules/test-y-fish-I/test-y-fish-I.js
4,0,./parser/test_scripts/pkg/test/test-50-node-modules-tree/node_modules/test-y-fish-J/index.js
4,0,./parser/test_scripts/pkg/test/test-50-node-modules-tree/node_modules/test-y-fish-J/node_modules/test-y-fish-J/index.js
4,0,./parser/test_scripts/pkg/test/test-50-node-modules-tree/node_modules/test-y-fish-J/test-y-fish-J.js
4,0,./parser/test_scripts/pkg/test/test-50-node-modules-tree/node_modules/test-y-fish-M/execute.js
4,0,./parser/test_scripts/pkg/test/test-50-node-modules-tree/node_modules/test-y-fish-N/execute.js
4,0,./parser/test_scripts/pkg/test/test-50-node-modules-tree/node_modules/test-y-fish-N/node_modules/test-y-fish-N/undecorate.js
6,0,./parser/test_scripts/pkg/test/test-50-node-modules-tree/node_modules/test-y-fish-O/index.js
6,0,./parser/test_scripts/pkg/test/test-50-node-modules-tree/node_modules/test-y-fish-P/index.js
4,0,./parser/test_scripts/pkg/test/test-50-node-modules-tree/node_modules/test-y-fish-R/index.js
4,0,./parser/test_scripts/pkg/test/test-50-node-modules-tree/node_modules/test-y-fish-R/test/index.js
4,0,./parser/test_scripts/pkg/test/test-50-node-modules-tree/node_modules/test-y-fish-R/test.js
33,0,./parser/test_scripts/pkg/test/test-50-node-modules-tree/test-x-index.js
4,0,./parser/test_scripts/pkg/test/test-50-node-modules-tree/test-y-fish-A.js
4,0,./parser/test_scripts/pkg/test/test-50-node-modules-tree/test-y-fish-B.js
5,0,./parser/test_scripts/pkg/test/test-50-non-ascii/test-x-index.js
4,0,./parser/test_scripts/pkg/test/test-50-non-ascii/test-y-$$.js
20,0,./parser/test_scripts/pkg/test/test-50-not-found-wording/test-x-index.js
26,0,./parser/test_scripts/pkg/test/test-50-not-found-wording-2/test-x-index.js
31,0,./parser/test_scripts/pkg/test/test-50-observe-snapshot-root/test-x-index.js
34,0,./parser/test_scripts/pkg/test/test-50-observe-snapshot-root-2/test-x-index.js
4,0,./parser/test_scripts/pkg/test/test-50-odd-entrypoint/test-x-index.js
13,1,./parser/test_scripts/pkg/test/test-50-package-a-binary/test-x-index.js
16,0,./parser/test_scripts/pkg/test/test-50-package-json/test-x-index.js
4,0,./parser/test_scripts/pkg/test/test-50-package-json/test-y-resolve-A.js
6,0,./parser/test_scripts/pkg/test/test-50-package-json-2/sub/test-x-index.js
8,0,./parser/test_scripts/pkg/test/test-50-package-json-3/test-x-index.js
2,0,./parser/test_scripts/pkg/test/test-50-package-json-4/node_modules/busboy/index.js
4,0,./parser/test_scripts/pkg/test/test-50-package-json-4/node_modules/busboy/lib/types/test-y-require.js
2,0,./parser/test_scripts/pkg/test/test-50-package-json-4/node_modules/log4js/index.js
4,0,./parser/test_scripts/pkg/test/test-50-package-json-4/node_modules/log4js/lib/appenders/test-z-require.js
12,0,./parser/test_scripts/pkg/test/test-50-package-json-4/test-x-index.js
4,0,./parser/test_scripts/pkg/test/test-50-package-json-5/node_modules/input/node_modules/@types/delta/index.js
6,0,./parser/test_scripts/pkg/test/test-50-package-json-5/node_modules/input/node_modules/alpha/index.js
4,0,./parser/test_scripts/pkg/test/test-50-package-json-5/node_modules/input/test-x-index.js
4,0,./parser/test_scripts/pkg/test/test-50-package-json-6/node_modules/alpha/alpha.js
4,0,./parser/test_scripts/pkg/test/test-50-package-json-6/test-x-index.js
4,0,./parser/test_scripts/pkg/test/test-50-package-json-6b/node_modules/alpha/alpha.js
4,0,./parser/test_scripts/pkg/test/test-50-package-json-6b/node_modules/alpha/beta.js
18,0,./parser/test_scripts/pkg/test/test-50-package-json-6c/beta/alpha.js
4,0,./parser/test_scripts/pkg/test/test-50-package-json-6c/beta/beta.js
6,0,./parser/test_scripts/pkg/test/test-50-package-json-6d/node_modules/alpha/index.js
4,0,./parser/test_scripts/pkg/test/test-50-package-json-6d/node_modules/alpha/node_modules/delta/index.js
4,0,./parser/test_scripts/pkg/test/test-50-package-json-6d/test-x-index.js
4,0,./parser/test_scripts/pkg/test/test-50-package-json-7/node_modules/delta/index.js
12,0,./parser/test_scripts/pkg/test/test-50-package-json-7/test-x-index.js
4,0,./parser/test_scripts/pkg/test/test-50-package-json-7p/node_modules/delta/index.js
6,0,./parser/test_scripts/pkg/test/test-50-package-json-7p/test-x-index.js
14,1,./parser/test_scripts/pkg/test/test-50-package-json-8/sub/sub/test-y-require.js
5,0,./parser/test_scripts/pkg/test/test-50-package-json-8/sub/test-x-index.js
7,0,./parser/test_scripts/pkg/test/test-50-package-json-8/sub/test-z-require.js
14,1,./parser/test_scripts/pkg/test/test-50-package-json-8b/sub/sub/test-y-require.js
5,0,./parser/test_scripts/pkg/test/test-50-package-json-8b/sub/test-x-index.js
7,0,./parser/test_scripts/pkg/test/test-50-package-json-8b/sub/test-z-require.js
14,1,./parser/test_scripts/pkg/test/test-50-package-json-8p/sub/sub/test-y-require.js
5,0,./parser/test_scripts/pkg/test/test-50-package-json-8p/sub/test-x-index.js
7,0,./parser/test_scripts/pkg/test/test-50-package-json-8p/sub/test-z-require.js
14,1,./parser/test_scripts/pkg/test/test-50-package-json-9/node_modules/test-y-require/sub/sub/test-y-require.js
7,0,./parser/test_scripts/pkg/test/test-50-package-json-9/node_modules/test-y-require/sub/test-z-require.js
4,0,./parser/test_scripts/pkg/test/test-50-package-json-9/test-x-index.js
14,1,./parser/test_scripts/pkg/test/test-50-package-json-9p/node_modules/test-y-require/sub/sub/test-y-require.js
7,0,./parser/test_scripts/pkg/test/test-50-package-json-9p/node_modules/test-y-require/sub/test-z-require.js
4,0,./parser/test_scripts/pkg/test/test-50-package-json-9p/test-x-index.js
7,0,./parser/test_scripts/pkg/test/test-50-package-json-A/test-x-index.js
20,0,./parser/test_scripts/pkg/test/test-50-path-as-buffer/test-x-index.js
4,0,./parser/test_scripts/pkg/test/test-50-path-separators/sub/test-y-require-C.js
4,0,./parser/test_scripts/pkg/test/test-50-path-separators/sub/test-y-require-D.js
11,0,./parser/test_scripts/pkg/test/test-50-path-separators/test-x-index.js
23,0,./parser/test_scripts/pkg/test/test-50-promisify/test-x-index.js
11,1,./parser/test_scripts/pkg/test/test-50-public-packages/node_modules/crusader/index.js
4,0,./parser/test_scripts/pkg/test/test-50-public-packages/test-x-index.js
4,0,./parser/test_scripts/pkg/test/test-50-reproducible/test-x-index.js
13,0,./parser/test_scripts/pkg/test/test-50-require-edge-cases/test-x-index.js
4,0,./parser/test_scripts/pkg/test/test-50-require-edge-cases/test-x1-content.js
4,0,./parser/test_scripts/pkg/test/test-50-require-edge-cases/test-x2-require-false.js
1,0,./parser/test_scripts/pkg/test/test-50-require-edge-cases/test-x3-empty-file.js
31,0,./parser/test_scripts/pkg/test/test-50-require-main-parent/sub/test-y-require-C.js
31,0,./parser/test_scripts/pkg/test/test-50-require-main-parent/sub/test-y-require-D.js
51,0,./parser/test_scripts/pkg/test/test-50-require-main-parent/test-x-index.js
31,0,./parser/test_scripts/pkg/test/test-50-require-main-parent/test-y-require-A.js
31,0,./parser/test_scripts/pkg/test/test-50-require-main-parent/test-y-require-B.js
76,0,./parser/test_scripts/pkg/test/test-50-require-resolve/test-x-index.js
6,0,./parser/test_scripts/pkg/test/test-50-require-resolve/test-z-require-code-1.js
6,0,./parser/test_scripts/pkg/test/test-50-require-resolve/test-z-require-code-2.js
6,0,./parser/test_scripts/pkg/test/test-50-require-resolve/test-z-require-code-3.js
6,0,./parser/test_scripts/pkg/test/test-50-require-resolve/test-z-require-code-4.js
71,0,./parser/test_scripts/pkg/test/test-50-require-resolve-2/test-x-index.js
4,0,./parser/test_scripts/pkg/test/test-50-require-resolve-2/test-z-require-code-I.js
4,0,./parser/test_scripts/pkg/test/test-50-require-resolve-2/test-z-require-code-J.js
62,0,./parser/test_scripts/pkg/test/test-50-require-with-config/test-x-index.js
4,0,./parser/test_scripts/pkg/test/test-50-require-with-config/test-z-require-code-I.js
4,0,./parser/test_scripts/pkg/test/test-50-require-with-config/test-z-require-code-J.js
4,0,./parser/test_scripts/pkg/test/test-50-resolve-and-nearby/node_modules/test-y-fish/index.js
12,0,./parser/test_scripts/pkg/test/test-50-resolve-and-nearby/test-x-index.js
5,0,./parser/test_scripts/pkg/test/test-50-should-disclose-package/node_modules/connect/connect.js
5,0,./parser/test_scripts/pkg/test/test-50-should-disclose-package/node_modules/has-no-license/has-no-license.js
5,0,./parser/test_scripts/pkg/test/test-50-should-disclose-package/node_modules/has-permissive-license/has-permissive-license.js
5,0,./parser/test_scripts/pkg/test/test-50-should-disclose-package/node_modules/has-strict-license/has-strict-license.js
4,0,./parser/test_scripts/pkg/test/test-50-should-disclose-package/node_modules/TODO-no-package-json/index.js
7,0,./parser/test_scripts/pkg/test/test-50-should-disclose-package/test-x-index.js
4,0,./parser/test_scripts/pkg/test/test-50-signature/test-x-index.js
7,0,./parser/test_scripts/pkg/test/test-50-sigusr1/test-x-index.js
4,0,./parser/test_scripts/pkg/test/test-50-symlink/test-x-index.js
17,0,./parser/test_scripts/pkg/test/test-50-tamper-core/test-x-index.js
4,0,./parser/test_scripts/pkg/test/test-50-undo-patch/test-x-index.js
4,0,./parser/test_scripts/pkg/test/test-50-undo-patch/test-y-index.js
4,0,./parser/test_scripts/pkg/test/test-78-verify-pkg-version/test-x-index.js
7,0,./parser/test_scripts/pkg/test/test-79-npm/angular-bridge/angular-bridge.js
14,1,./parser/test_scripts/pkg/test/test-79-npm/any-promise/any-promise.js
8,1,./parser/test_scripts/pkg/test/test-79-npm/any-promise/any-promise.meta.js
7,0,./parser/test_scripts/pkg/test/test-79-npm/async/async.js
22,0,./parser/test_scripts/pkg/test/test-79-npm/aws-sdk/aws-sdk.js
9,0,./parser/test_scripts/pkg/test/test-79-npm/babel-core/babel-core.js
4,0,./parser/test_scripts/pkg/test/test-79-npm/babel-core/babel-core@4.7.16.js
32,0,./parser/test_scripts/pkg/test/test-79-npm/batch/batch.js
15,0,./parser/test_scripts/pkg/test/test-79-npm/bcrypt/bcrypt.js
19,0,./parser/test_scripts/pkg/test/test-79-npm/better-sqlite3/better-sqlite3.js
10,1,./parser/test_scripts/pkg/test/test-79-npm/better-sqlite3/better-sqlite3.meta.js
7,0,./parser/test_scripts/pkg/test/test-79-npm/bignum/bignum.js
11,1,./parser/test_scripts/pkg/test/test-79-npm/bignum/bignum.meta.js
7,0,./parser/test_scripts/pkg/test/test-79-npm/bindings/bindings.js
7,0,./parser/test_scripts/pkg/test/test-79-npm/blessed/blessed.js
18,0,./parser/test_scripts/pkg/test/test-79-npm/body-parser/body-parser.js
4,0,./parser/test_scripts/pkg/test/test-79-npm/body-parser/body-parser@1.10.2.js
10,0,./parser/test_scripts/pkg/test/test-79-npm/browserify/browserify.js
8,1,./parser/test_scripts/pkg/test/test-79-npm/browserify/browserify.meta.js
15,0,./parser/test_scripts/pkg/test/test-79-npm/bson/bson.js
26,0,./parser/test_scripts/pkg/test/test-79-npm/bson/bson@0.2.22.js
11,1,./parser/test_scripts/pkg/test/test-79-npm/bson/bson@0.2.22.meta.js
4,0,./parser/test_scripts/pkg/test/test-79-npm/bson/bson@0.4.0.js
4,0,./parser/test_scripts/pkg/test/test-79-npm/bson/bson@0.4.0.meta.js
4,0,./parser/test_scripts/pkg/test/test-79-npm/bson/bson@1.0.0.js
8,0,./parser/test_scripts/pkg/test/test-79-npm/buffermaker/buffermaker.js
21,0,./parser/test_scripts/pkg/test/test-79-npm/bunyan/bunyan.js
7,0,./parser/test_scripts/pkg/test/test-79-npm/busboy/busboy.js
7,0,./parser/test_scripts/pkg/test/test-79-npm/bytes/bytes.js
7,0,./parser/test_scripts/pkg/test/test-79-npm/bytes/bytes@2.5.0.js
14,0,./parser/test_scripts/pkg/test/test-79-npm/callsites/callsites.js
8,0,./parser/test_scripts/pkg/test/test-79-npm/checklist.js
13,0,./parser/test_scripts/pkg/test/test-79-npm/chokidar/chokidar.js
6,0,./parser/test_scripts/pkg/test/test-79-npm/coffee-script/coffee-script.js
12,0,./parser/test_scripts/pkg/test/test-79-npm/colors/colors.js
12,0,./parser/test_scripts/pkg/test/test-79-npm/compression/compression.js
9,0,./parser/test_scripts/pkg/test/test-79-npm/compressjs/compressjs.js
7,0,./parser/test_scripts/pkg/test/test-79-npm/connect/connect.js
27,1,./parser/test_scripts/pkg/test/test-79-npm/connect/connect@2.3.9.js
14,3,./parser/test_scripts/pkg/test/test-79-npm/connect-mongo/connect-mongo.js
8,1,./parser/test_scripts/pkg/test/test-79-npm/connect-mongo/connect-mongo.meta.js
4,0,./parser/test_scripts/pkg/test/test-79-npm/connect-mongo/connect-mongo@0.8.2.js
4,0,./parser/test_scripts/pkg/test/test-79-npm/connect-mongo/connect-mongo@0.8.2.meta.js
7,0,./parser/test_scripts/pkg/test/test-79-npm/connect-mongodb/connect-mongodb.js
11,1,./parser/test_scripts/pkg/test/test-79-npm/connect-mongodb/connect-mongodb.meta.js
14,3,./parser/test_scripts/pkg/test/test-79-npm/connect-redis/connect-redis.js
8,1,./parser/test_scripts/pkg/test/test-79-npm/connect-redis/connect-redis.meta.js
4,0,./parser/test_scripts/pkg/test/test-79-npm/connect-redis/connect-redis@2.5.1.js
4,0,./parser/test_scripts/pkg/test/test-79-npm/connect-redis/connect-redis@2.5.1.meta.js
5,0,./parser/test_scripts/pkg/test/test-79-npm/consolidate/consolidate.js
8,0,./parser/test_scripts/pkg/test/test-79-npm/cookie/cookie.js
16,0,./parser/test_scripts/pkg/test/test-79-npm/cookie-parser/cookie-parser.js
22,0,./parser/test_scripts/pkg/test/test-79-npm/cors/cors.js
21,0,./parser/test_scripts/pkg/test/test-79-npm/cron/cron.js
5,0,./parser/test_scripts/pkg/test/test-79-npm/cross-env/cross-env.js
17,0,./parser/test_scripts/pkg/test/test-79-npm/cross-spawn-async/cross-spawn-async.js
3,0,./parser/test_scripts/pkg/test/test-79-npm/curve25519/see.hap-nodejs.meta.js
4,0,./parser/test_scripts/pkg/test/test-79-npm/data-preflight/data-preflight.js
8,1,./parser/test_scripts/pkg/test/test-79-npm/data-preflight/data-preflight.meta.js
7,0,./parser/test_scripts/pkg/test/test-79-npm/debug/debug.js
7,0,./parser/test_scripts/pkg/test/test-79-npm/denymount/denymount.js
19,0,./parser/test_scripts/pkg/test/test-79-npm/diff/diff.js
4,0,./parser/test_scripts/pkg/test/test-79-npm/drivelist/drivelist.js
4,0,./parser/test_scripts/pkg/test/test-79-npm/drivelist/drivelist.meta.js
10,0,./parser/test_scripts/pkg/test/test-79-npm/drivelist/drivelist@3.0.0.js
8,1,./parser/test_scripts/pkg/test/test-79-npm/drivelist/drivelist@3.0.0.meta.js
7,0,./parser/test_scripts/pkg/test/test-79-npm/ed25519/ed25519.js
11,1,./parser/test_scripts/pkg/test/test-79-npm/ed25519/ed25519.meta.js
12,0,./parser/test_scripts/pkg/test/test-79-npm/ejs/ejs.js
4,0,./parser/test_scripts/pkg/test/test-79-npm/ejs/ejs@0.8.8.js
8,0,./parser/test_scripts/pkg/test/test-79-npm/elasticsearch/elasticsearch.js
6,0,./parser/test_scripts/pkg/test/test-79-npm/electron/electron.js
8,1,./parser/test_scripts/pkg/test/test-79-npm/electron/electron.meta.js
7,0,./parser/test_scripts/pkg/test/test-79-npm/emailjs/emailjs.js
22,0,./parser/test_scripts/pkg/test/test-79-npm/engine.io/engine.io.js
4,0,./parser/test_scripts/pkg/test/test-79-npm/engine.io/engine.io@1.8.0.js
7,0,./parser/test_scripts/pkg/test/test-79-npm/epoll/epoll.js
11,1,./parser/test_scripts/pkg/test/test-79-npm/epoll/epoll.meta.js
18,1,./parser/test_scripts/pkg/test/test-79-npm/errorhandler/errorhandler.js
5,0,./parser/test_scripts/pkg/test/test-79-npm/errors/errors.js
5,0,./parser/test_scripts/pkg/test/test-79-npm/eslint/eslint.js
8,1,./parser/test_scripts/pkg/test/test-79-npm/eslint/eslint.meta.js
7,0,./parser/test_scripts/pkg/test/test-79-npm/etcher-image-write/etcher-image-write.js
10,1,./parser/test_scripts/pkg/test/test-79-npm/etcher-image-write/etcher-image-write.meta.js
8,0,./parser/test_scripts/pkg/test/test-79-npm/exceljs/exceljs.js
11,0,./parser/test_scripts/pkg/test/test-79-npm/exiftool.exe/exiftool.exe.js
8,1,./parser/test_scripts/pkg/test/test-79-npm/exiftool.exe/exiftool.exe.meta.js
11,0,./parser/test_scripts/pkg/test/test-79-npm/exiftool.pl/exiftool.pl.js
8,1,./parser/test_scripts/pkg/test/test-79-npm/exiftool.pl/exiftool.pl.meta.js
7,0,./parser/test_scripts/pkg/test/test-79-npm/express/express.js
4,0,./parser/test_scripts/pkg/test/test-79-npm/express/express@3.5.3.js
7,1,./parser/test_scripts/pkg/test/test-79-npm/express-load/controllers/fixture.js
17,1,./parser/test_scripts/pkg/test/test-79-npm/express-load/express-load.js
6,1,./parser/test_scripts/pkg/test/test-79-npm/express-load/routes/fixture.js
25,1,./parser/test_scripts/pkg/test/test-79-npm/express-session/express-session.js
35,0,./parser/test_scripts/pkg/test/test-79-npm/express-with-jade/express.js
8,1,./parser/test_scripts/pkg/test/test-79-npm/express-with-jade/express.meta.js
4,0,./parser/test_scripts/pkg/test/test-79-npm/express-with-jade/express@3.0.6.js
4,0,./parser/test_scripts/pkg/test/test-79-npm/express-with-jade/express@3.0.6.meta.js
4,0,./parser/test_scripts/pkg/test/test-79-npm/express-with-jade/express@3.21.2.js
4,0,./parser/test_scripts/pkg/test/test-79-npm/express-with-jade/express@3.21.2.meta.js
20,0,./parser/test_scripts/pkg/test/test-79-npm/extender/extender.js
7,0,./parser/test_scripts/pkg/test/test-79-npm/extsprintf/extsprintf.js
7,0,./parser/test_scripts/pkg/test/test-79-npm/faye-websocket/faye-websocket.js
29,0,./parser/test_scripts/pkg/test/test-79-npm/feathers/feathers.js
6,0,./parser/test_scripts/pkg/test/test-79-npm/findup-sync/findup-sync.js
9,0,./parser/test_scripts/pkg/test/test-79-npm/floordate/floordate.js
15,1,./parser/test_scripts/pkg/test/test-79-npm/fmt/fmt.js
5,0,./parser/test_scripts/pkg/test/test-79-npm/formidable/formidable.js
14,0,./parser/test_scripts/pkg/test/test-79-npm/fs-extra/fs-extra.js
4,0,./parser/test_scripts/pkg/test/test-79-npm/fs-extra/fs-extra@0.20.1.js
7,0,./parser/test_scripts/pkg/test/test-79-npm/fsevents/fsevents.js
11,1,./parser/test_scripts/pkg/test/test-79-npm/fsevents/fsevents.meta.js
9,0,./parser/test_scripts/pkg/test/test-79-npm/geoip-lite/geoip-lite.js
16,0,./parser/test_scripts/pkg/test/test-79-npm/github/github.js
20,0,./parser/test_scripts/pkg/test/test-79-npm/gm/gm.js
8,1,./parser/test_scripts/pkg/test/test-79-npm/gm/gm.meta.js
11,0,./parser/test_scripts/pkg/test/test-79-npm/google-closure-compiler/google-closure-compiler.js
8,1,./parser/test_scripts/pkg/test/test-79-npm/google-closure-compiler/google-closure-compiler.meta.js
11,0,./parser/test_scripts/pkg/test/test-79-npm/google-closure-compiler/google-closure-compiler@20180610.0.2.js
8,1,./parser/test_scripts/pkg/test/test-79-npm/google-closure-compiler/google-closure-compiler@20180610.0.2.meta.js
7,0,./parser/test_scripts/pkg/test/test-79-npm/google-closure-compiler-java/google-closure-compiler-java.js
8,1,./parser/test_scripts/pkg/test/test-79-npm/google-closure-compiler-java/google-closure-compiler-java.meta.js
8,0,./parser/test_scripts/pkg/test/test-79-npm/googleapis/googleapis.js
7,0,./parser/test_scripts/pkg/test/test-79-npm/got/got.js
14,0,./parser/test_scripts/pkg/test/test-79-npm/graceful-fs/graceful-fs.js
4,0,./parser/test_scripts/pkg/test/test-79-npm/graceful-fs/graceful-fs@3.0.8.js
7,0,./parser/test_scripts/pkg/test/test-79-npm/grpc/grpc.js
11,1,./parser/test_scripts/pkg/test/test-79-npm/grpc/grpc.meta.js
16,0,./parser/test_scripts/pkg/test/test-79-npm/gulp/gulp.js
10,1,./parser/test_scripts/pkg/test/test-79-npm/gulp/gulp.meta.js
18,0,./parser/test_scripts/pkg/test/test-79-npm/gulp/gulpfile.js
7,0,./parser/test_scripts/pkg/test/test-79-npm/hap-nodejs/hap-nodejs.js
18,1,./parser/test_scripts/pkg/test/test-79-npm/hap-nodejs/hap-nodejs.meta.js
13,0,./parser/test_scripts/pkg/test/test-79-npm/heapdump/heapdump.js
13,1,./parser/test_scripts/pkg/test/test-79-npm/heapdump/heapdump.meta.js
7,0,./parser/test_scripts/pkg/test/test-79-npm/hoek/hoek.js
8,1,./parser/test_scripts/pkg/test/test-79-npm/hoek/hoek.meta.js
4,0,./parser/test_scripts/pkg/test/test-79-npm/hoek/hoek@0.9.1.js
8,1,./parser/test_scripts/pkg/test/test-79-npm/home.js
12,0,./parser/test_scripts/pkg/test/test-79-npm/homebridge/homebridge.js
18,1,./parser/test_scripts/pkg/test/test-79-npm/homebridge/homebridge.meta.js
5,0,./parser/test_scripts/pkg/test/test-79-npm/http-proxy/http-proxy.js
14,0,./parser/test_scripts/pkg/test/test-79-npm/http-server/http-server.js
9,0,./parser/test_scripts/pkg/test/test-79-npm/image-size/image-size.js
7,0,./parser/test_scripts/pkg/test/test-79-npm/indexof/indexof.js
7,0,./parser/test_scripts/pkg/test/test-79-npm/inquirer/inquirer.js
9,0,./parser/test_scripts/pkg/test/test-79-npm/j/j.js
23,0,./parser/test_scripts/pkg/test/test-79-npm/jade/jade.js
11,0,./parser/test_scripts/pkg/test/test-79-npm/jsdom/jsdom.js
8,1,./parser/test_scripts/pkg/test/test-79-npm/jsdom/jsdom.meta.js
13,0,./parser/test_scripts/pkg/test/test-79-npm/jsdom/jsdom@8.5.0.js
4,0,./parser/test_scripts/pkg/test/test-79-npm/jsdom/jsdom@8.5.0.meta.js
9,0,./parser/test_scripts/pkg/test/test-79-npm/json-stringify-date/json-stringify-date.js
9,0,./parser/test_scripts/pkg/test/test-79-npm/json-stringify-safe/json-stringify-safe.js
4,0,./parser/test_scripts/pkg/test/test-79-npm/json-stringify-safe/json-stringify-safe@4.0.0.js
8,0,./parser/test_scripts/pkg/test/test-79-npm/jsonwebtoken/jsonwebtoken.js
57,3,./parser/test_scripts/pkg/test/test-79-npm/kerberos/kerberos.js
10,1,./parser/test_scripts/pkg/test/test-79-npm/kerberos/kerberos.meta.js
4,0,./parser/test_scripts/pkg/test/test-79-npm/kerberos/kerberos@0.0.10.js
4,0,./parser/test_scripts/pkg/test/test-79-npm/kerberos/kerberos@0.0.10.meta.js
7,0,./parser/test_scripts/pkg/test/test-79-npm/knex/knex.js
7,0,./parser/test_scripts/pkg/test/test-79-npm/later/later.js
37,0,./parser/test_scripts/pkg/test/test-79-npm/level/level.js
37,0,./parser/test_scripts/pkg/test/test-79-npm/leveldown/leveldown.js
11,1,./parser/test_scripts/pkg/test/test-79-npm/leveldown/leveldown.meta.js
37,0,./parser/test_scripts/pkg/test/test-79-npm/levelup/levelup.js
11,1,./parser/test_scripts/pkg/test/test-79-npm/levelup/levelup.meta.js
7,0,./parser/test_scripts/pkg/test/test-79-npm/liftoff/liftoff.js
7,0,./parser/test_scripts/pkg/test/test-79-npm/lodash/lodash.js
8,0,./parser/test_scripts/pkg/test/test-79-npm/log4js/log4js.js
8,0,./parser/test_scripts/pkg/test/test-79-npm/log4js/log4js@0.5.8.js
4,0,./parser/test_scripts/pkg/test/test-79-npm/log4js/log4js@0.6.34.js
4,0,./parser/test_scripts/pkg/test/test-79-npm/log4js/log4js@1.1.1.js
9,0,./parser/test_scripts/pkg/test/test-79-npm/logform/logform.js
8,0,./parser/test_scripts/pkg/test/test-79-npm/machinepack-urls/machinepack-urls.js
8,0,./parser/test_scripts/pkg/test/test-79-npm/machinepack-urls/machinepack-urls@5.0.0.js
8,0,./parser/test_scripts/pkg/test/test-79-npm/markdown/markdown.js
7,0,./parser/test_scripts/pkg/test/test-79-npm/mdns/mdns.js
11,1,./parser/test_scripts/pkg/test/test-79-npm/mdns/mdns.meta.js
14,0,./parser/test_scripts/pkg/test/test-79-npm/method-override/method-override.js
7,0,./parser/test_scripts/pkg/test/test-79-npm/microjob/microjob.js
7,0,./parser/test_scripts/pkg/test/test-79-npm/mime/mime.js
7,0,./parser/test_scripts/pkg/test/test-79-npm/mime/mime@1.4.1.js
7,0,./parser/test_scripts/pkg/test/test-79-npm/mime-types/mime-types.js
7,0,./parser/test_scripts/pkg/test/test-79-npm/minimatch/minimatch.js
7,0,./parser/test_scripts/pkg/test/test-79-npm/minstache/minstache.js
8,0,./parser/test_scripts/pkg/test/test-79-npm/module-deps/module-deps.js
10,0,./parser/test_scripts/pkg/test/test-79-npm/moment/moment.js
9,0,./parser/test_scripts/pkg/test/test-79-npm/moment-timezone/moment-timezone.js
8,0,./parser/test_scripts/pkg/test/test-79-npm/mongodb/mongodb.js
10,1,./parser/test_scripts/pkg/test/test-79-npm/mongodb/mongodb.meta.js
7,0,./parser/test_scripts/pkg/test/test-79-npm/mongodb-core/mongodb-core.js
4,0,./parser/test_scripts/pkg/test/test-79-npm/mongodb-core/mongodb-core@1.0.5.js
11,1,./parser/test_scripts/pkg/test/test-79-npm/mongodb-core/mongodb-core@1.0.5.meta.js
32,0,./parser/test_scripts/pkg/test/test-79-npm/mongoose/mongoose.js
9,1,./parser/test_scripts/pkg/test/test-79-npm/mongoose/mongoose.meta.js
4,0,./parser/test_scripts/pkg/test/test-79-npm/mongoose/mongoose@3.9.7.js
13,1,./parser/test_scripts/pkg/test/test-79-npm/mongoose/mongoose@3.9.7.meta.js
4,0,./parser/test_scripts/pkg/test/test-79-npm/mongoose/mongoose@4.0.8.js
11,1,./parser/test_scripts/pkg/test/test-79-npm/mongoose/mongoose@4.0.8.meta.js
4,0,./parser/test_scripts/pkg/test/test-79-npm/mongoose/mongoose@4.1.12.js
4,0,./parser/test_scripts/pkg/test/test-79-npm/mongoose/mongoose@4.1.12.meta.js
5,0,./parser/test_scripts/pkg/test/test-79-npm/mongoskin/mongoskin@2.0.3.js
11,1,./parser/test_scripts/pkg/test/test-79-npm/mongoskin/mongoskin@2.0.3.meta.js
7,0,./parser/test_scripts/pkg/test/test-79-npm/ms/ms.js
10,0,./parser/test_scripts/pkg/test/test-79-npm/msgpack/msgpack.js
10,1,./parser/test_scripts/pkg/test/test-79-npm/msgpack/msgpack.meta.js
7,0,./parser/test_scripts/pkg/test/test-79-npm/multer/multer.js
11,0,./parser/test_scripts/pkg/test/test-79-npm/muri/muri.js
7,0,./parser/test_scripts/pkg/test/test-79-npm/native-or-bluebird/native-or-bluebird.js
8,0,./parser/test_scripts/pkg/test/test-79-npm/natives/natives.js
9,0,./parser/test_scripts/pkg/test/test-79-npm/nconf/nconf.js
16,0,./parser/test_scripts/pkg/test/test-79-npm/nedb/nedb.js
17,0,./parser/test_scripts/pkg/test/test-79-npm/negotiator/negotiator.js
4,0,./parser/test_scripts/pkg/test/test-79-npm/negotiator/negotiator@0.4.9.js
14,1,./parser/test_scripts/pkg/test/test-79-npm/newrelic/newrelic.js
7,0,./parser/test_scripts/pkg/test/test-79-npm/nib/nib.js
20,0,./parser/test_scripts/pkg/test/test-79-npm/nightmare/nightmare.js
15,1,./parser/test_scripts/pkg/test/test-79-npm/nightmare/nightmare.meta.js
7,0,./parser/test_scripts/pkg/test/test-79-npm/node-forge/node-forge.js
21,0,./parser/test_scripts/pkg/test/test-79-npm/node-libcurl/node-libcurl.js
14,1,./parser/test_scripts/pkg/test/test-79-npm/node-libcurl/node-libcurl.meta.js
28,2,./parser/test_scripts/pkg/test/test-79-npm/node-notifier/node-notifier.js
22,1,./parser/test_scripts/pkg/test/test-79-npm/node-notifier/node-notifier.meta.js
20,0,./parser/test_scripts/pkg/test/test-79-npm/node-pre-gyp/node-pre-gyp.js
12,0,./parser/test_scripts/pkg/test/test-79-npm/node-redis-pubsub/node-redis-pubsub.js
9,0,./parser/test_scripts/pkg/test/test-79-npm/node-sass/node-sass.js
7,0,./parser/test_scripts/pkg/test/test-79-npm/node-uuid/node-uuid.js
21,0,./parser/test_scripts/pkg/test/test-79-npm/node-xlsx/node-xlsx.js
8,1,./parser/test_scripts/pkg/test/test-79-npm/node-xlsx/node-xlsx.meta.js
4,0,./parser/test_scripts/pkg/test/test-79-npm/node-xlsx/node-xlsx@0.6.0.js
8,0,./parser/test_scripts/pkg/test/test-79-npm/node-zookeeper-client/node-zookeeper-client.js
15,0,./parser/test_scripts/pkg/test/test-79-npm/nodegit/nodegit.js
11,1,./parser/test_scripts/pkg/test/test-79-npm/nodegit/nodegit.meta.js
10,0,./parser/test_scripts/pkg/test/test-79-npm/nodemailer/nodemailer.js
5,0,./parser/test_scripts/pkg/test/test-79-npm/nodemailer-sendmail-transport/nodemailer-sendmail-transport.js
8,1,./parser/test_scripts/pkg/test/test-79-npm/npm/npm.meta.js
8,0,./parser/test_scripts/pkg/test/test-79-npm/npm-registry-client/npm-registry-client.js
4,0,./parser/test_scripts/pkg/test/test-79-npm/npm-registry-client/npm-registry-client@6.0.7.js
7,0,./parser/test_scripts/pkg/test/test-79-npm/nssocket/nssocket.js
4,0,./parser/test_scripts/pkg/test/test-79-npm/nssocket/nssocket@0.5.3.js
5,0,./parser/test_scripts/pkg/test/test-79-npm/oauth2orize/oauth2orize.js
7,0,./parser/test_scripts/pkg/test/test-79-npm/octobat/octobat.js
7,0,./parser/test_scripts/pkg/test/test-79-npm/open/open.js
15,1,./parser/test_scripts/pkg/test/test-79-npm/open/open.meta.js
7,0,./parser/test_scripts/pkg/test/test-79-npm/opn/opn.js
15,1,./parser/test_scripts/pkg/test/test-79-npm/opn/opn.meta.js
8,0,./parser/test_scripts/pkg/test/test-79-npm/optimist/optimist.js
7,0,./parser/test_scripts/pkg/test/test-79-npm/passport/passport.js
4,0,./parser/test_scripts/pkg/test/test-79-npm/passport/passport@0.2.2.js
7,0,./parser/test_scripts/pkg/test/test-79-npm/passport-local/passport-local.js
4,0,./parser/test_scripts/pkg/test/test-79-npm/passport-local/passport-local@0.1.6.js
7,0,./parser/test_scripts/pkg/test/test-79-npm/pg/pg.js
7,0,./parser/test_scripts/pkg/test/test-79-npm/pg/pg@3.6.3.js
4,0,./parser/test_scripts/pkg/test/test-79-npm/pg/pg@4.0.0.js
4,0,./parser/test_scripts/pkg/test/test-79-npm/pg/pg@6.4.1.js
8,0,./parser/test_scripts/pkg/test/test-79-npm/pg-cursor/pg-cursor.js
8,1,./parser/test_scripts/pkg/test/test-79-npm/pg-cursor/pg-cursor.meta.js
4,0,./parser/test_scripts/pkg/test/test-79-npm/pg-query-stream/pg-query-stream.js
4,0,./parser/test_scripts/pkg/test/test-79-npm/pg-query-stream/pg-query-stream.meta.js
10,0,./parser/test_scripts/pkg/test/test-79-npm/pg-query-stream/pg-query-stream@1.0.0.js
8,1,./parser/test_scripts/pkg/test/test-79-npm/pg-query-stream/pg-query-stream@1.0.0.meta.js
7,0,./parser/test_scripts/pkg/test/test-79-npm/pg-types/pg-types.js
4,0,./parser/test_scripts/pkg/test/test-79-npm/pg-types/pg-types@1.0.0.js
7,0,./parser/test_scripts/pkg/test/test-79-npm/pg.js/pg.js.js
4,0,./parser/test_scripts/pkg/test/test-79-npm/pg.js/pg.js@3.6.2.js
4,0,./parser/test_scripts/pkg/test/test-79-npm/pg.js/pg.js@4.1.0.js
13,0,./parser/test_scripts/pkg/test/test-79-npm/pgpass/pgpass.js
25,0,./parser/test_scripts/pkg/test/test-79-npm/phantom/phantom.js
9,1,./parser/test_scripts/pkg/test/test-79-npm/phantom/phantom.meta.js
14,0,./parser/test_scripts/pkg/test/test-79-npm/phantomjs-prebuilt/phantomjs-prebuilt.js
9,1,./parser/test_scripts/pkg/test/test-79-npm/phantomjs-prebuilt/phantomjs-prebuilt.meta.js
8,0,./parser/test_scripts/pkg/test/test-79-npm/pkginfo/pkginfo.js
7,0,./parser/test_scripts/pkg/test/test-79-npm/pkginfo/pkginfo@0.2.1.js
3,0,./parser/test_scripts/pkg/test/test-79-npm/pm2/test.it.manually.meta.js
7,0,./parser/test_scripts/pkg/test/test-79-npm/pmx/pmx.js
4,0,./parser/test_scripts/pkg/test/test-79-npm/pmx/pmx@0.5.9.js
31,0,./parser/test_scripts/pkg/test/test-79-npm/pouchdb/pouchdb.js
11,1,./parser/test_scripts/pkg/test/test-79-npm/pouchdb/pouchdb.meta.js
7,0,./parser/test_scripts/pkg/test/test-79-npm/primus/primus.js
7,0,./parser/test_scripts/pkg/test/test-79-npm/primus-emitter/primus-emitter.js
7,0,./parser/test_scripts/pkg/test/test-79-npm/primus-spark-latency/primus-spark-latency.js
21,0,./parser/test_scripts/pkg/test/test-79-npm/publicsuffixlist/publicsuffixlist.js
23,0,./parser/test_scripts/pkg/test/test-79-npm/pug/pug.js
7,0,./parser/test_scripts/pkg/test/test-79-npm/punt/punt.js
4,0,./parser/test_scripts/pkg/test/test-79-npm/punt/punt@1.0.1.js
23,0,./parser/test_scripts/pkg/test/test-79-npm/puppeteer/puppeteer.js
15,1,./parser/test_scripts/pkg/test/test-79-npm/puppeteer/puppeteer.meta.js
7,0,./parser/test_scripts/pkg/test/test-79-npm/pwd/pwd.js
4,0,./parser/test_scripts/pkg/test/test-79-npm/pwd/pwd@0.0.4.js
7,0,./parser/test_scripts/pkg/test/test-79-npm/q/q.js
5,0,./parser/test_scripts/pkg/test/test-79-npm/raven/raven.js
7,0,./parser/test_scripts/pkg/test/test-79-npm/rc/rc.js
17,0,./parser/test_scripts/pkg/test/test-79-npm/readable-stream/readable-stream.js
14,0,./parser/test_scripts/pkg/test/test-79-npm/rechoir/rechoir.js
8,1,./parser/test_scripts/pkg/test/test-79-npm/rechoir/rechoir.meta.js
11,0,./parser/test_scripts/pkg/test/test-79-npm/redis/redis.js
4,0,./parser/test_scripts/pkg/test/test-79-npm/redis/redis@1.0.0.js
4,0,./parser/test_scripts/pkg/test/test-79-npm/redis/redis@2.0.1.js
4,0,./parser/test_scripts/pkg/test/test-79-npm/redis/redis@2.1.0.js
4,0,./parser/test_scripts/pkg/test/test-79-npm/redis/redis@2.2.5.js
4,0,./parser/test_scripts/pkg/test/test-79-npm/redis/redis@2.3.1.js
4,0,./parser/test_scripts/pkg/test/test-79-npm/redis/redis@2.4.2.js
20,0,./parser/test_scripts/pkg/test/test-79-npm/redis-parser/redis-parser.js
11,0,./parser/test_scripts/pkg/test/test-79-npm/redis-with-hiredis/redis.js
8,1,./parser/test_scripts/pkg/test/test-79-npm/redis-with-hiredis/redis.meta.js
4,0,./parser/test_scripts/pkg/test/test-79-npm/redis-with-hiredis/redis@1.0.0.js
4,0,./parser/test_scripts/pkg/test/test-79-npm/redis-with-hiredis/redis@1.0.0.meta.js
4,0,./parser/test_scripts/pkg/test/test-79-npm/redis-with-hiredis/redis@2.0.1.js
4,0,./parser/test_scripts/pkg/test/test-79-npm/redis-with-hiredis/redis@2.0.1.meta.js
4,0,./parser/test_scripts/pkg/test/test-79-npm/redis-with-hiredis/redis@2.1.0.js
4,0,./parser/test_scripts/pkg/test/test-79-npm/redis-with-hiredis/redis@2.1.0.meta.js
4,0,./parser/test_scripts/pkg/test/test-79-npm/redis-with-hiredis/redis@2.2.5.js
4,0,./parser/test_scripts/pkg/test/test-79-npm/redis-with-hiredis/redis@2.2.5.meta.js
4,0,./parser/test_scripts/pkg/test/test-79-npm/redis-with-hiredis/redis@2.3.1.js
4,0,./parser/test_scripts/pkg/test/test-79-npm/redis-with-hiredis/redis@2.3.1.meta.js
4,0,./parser/test_scripts/pkg/test/test-79-npm/redis-with-hiredis/redis@2.4.2.js
4,0,./parser/test_scripts/pkg/test/test-79-npm/redis-with-hiredis/redis@2.4.2.meta.js
7,0,./parser/test_scripts/pkg/test/test-79-npm/regression/regression.js
7,0,./parser/test_scripts/pkg/test/test-79-npm/regression/regression@1.4.0.js
4,0,./parser/test_scripts/pkg/test/test-79-npm/reload/reload.js
4,0,./parser/test_scripts/pkg/test/test-79-npm/reload/reload.meta.js
21,0,./parser/test_scripts/pkg/test/test-79-npm/reload/reload@2.1.0.js
8,1,./parser/test_scripts/pkg/test/test-79-npm/reload/reload@2.1.0.meta.js
7,0,./parser/test_scripts/pkg/test/test-79-npm/request/request.js
10,0,./parser/test_scripts/pkg/test/test-79-npm/require-uncached/require-uncached.js
8,0,./parser/test_scripts/pkg/test/test-79-npm/require_optional/require_optional.js
25,0,./parser/test_scripts/pkg/test/test-79-npm/s3/s3.js
9,0,./parser/test_scripts/pkg/test/test-79-npm/safe_datejs/safe_datejs.js
4,0,./parser/test_scripts/pkg/test/test-79-npm/sails/sails.js
8,1,./parser/test_scripts/pkg/test/test-79-npm/sails/sails.meta.js
13,1,./parser/test_scripts/pkg/test/test-79-npm/sax/sax.js
7,0,./parser/test_scripts/pkg/test/test-79-npm/scrypt/scrypt.js
10,1,./parser/test_scripts/pkg/test/test-79-npm/scrypt/scrypt.meta.js
4,0,./parser/test_scripts/pkg/test/test-79-npm/scrypt/scrypt@5.4.1.js
4,0,./parser/test_scripts/pkg/test/test-79-npm/scrypt/scrypt@5.4.1.meta.js
7,0,./parser/test_scripts/pkg/test/test-79-npm/semver/semver.js
27,0,./parser/test_scripts/pkg/test/test-79-npm/sequelize/sequelize.js
11,1,./parser/test_scripts/pkg/test/test-79-npm/sequelize/sequelize.meta.js
32,0,./parser/test_scripts/pkg/test/test-79-npm/sequelize/sequelize@3.30.4.js
11,1,./parser/test_scripts/pkg/test/test-79-npm/sequelize/sequelize@3.30.4.meta.js
7,0,./parser/test_scripts/pkg/test/test-79-npm/serialport/serialport.js
10,1,./parser/test_scripts/pkg/test/test-79-npm/serialport/serialport.meta.js
7,0,./parser/test_scripts/pkg/test/test-79-npm/sha3/sha3.js
10,1,./parser/test_scripts/pkg/test/test-79-npm/sha3/sha3.meta.js
28,0,./parser/test_scripts/pkg/test/test-79-npm/sharp/sharp.js
8,1,./parser/test_scripts/pkg/test/test-79-npm/sharp/sharp.meta.js
10,0,./parser/test_scripts/pkg/test/test-79-npm/shelljs/shelljs.js
4,0,./parser/test_scripts/pkg/test/test-79-npm/shelljs/shelljs@0.1.4.js
4,0,./parser/test_scripts/pkg/test/test-79-npm/shelljs/shelljs@0.6.0.js
4,0,./parser/test_scripts/pkg/test/test-79-npm/shelljs/shelljs@0.7.6.js
9,0,./parser/test_scripts/pkg/test/test-79-npm/sinon/sinon.js
4,0,./parser/test_scripts/pkg/test/test-79-npm/sinon/sinon@1.1.0.js
23,0,./parser/test_scripts/pkg/test/test-79-npm/socket.io/socket.io.js
23,0,./parser/test_scripts/pkg/test/test-79-npm/socket.io/socket.io@1.4.8.js
23,0,./parser/test_scripts/pkg/test/test-79-npm/socket.io/socket.io@1.6.0.js
4,0,./parser/test_scripts/pkg/test/test-79-npm/socket.io/socket.io@1.7.0.js
13,0,./parser/test_scripts/pkg/test/test-79-npm/socket.io-client/socket.io-client.js
16,0,./parser/test_scripts/pkg/test/test-79-npm/socket.io-client/socket.io-client@0.9.17.js
13,0,./parser/test_scripts/pkg/test/test-79-npm/socket.io-client/socket.io-client@1.0.6.js
4,0,./parser/test_scripts/pkg/test/test-79-npm/socket.io-client/socket.io-client@1.7.0.js
7,0,./parser/test_scripts/pkg/test/test-79-npm/sqip/sqip.js
7,0,./parser/test_scripts/pkg/test/test-79-npm/sqlite3/sqlite3.js
10,1,./parser/test_scripts/pkg/test/test-79-npm/sqlite3/sqlite3.meta.js
8,0,./parser/test_scripts/pkg/test/test-79-npm/steam/steam.js
10,1,./parser/test_scripts/pkg/test/test-79-npm/steam/steam.meta.js
7,0,./parser/test_scripts/pkg/test/test-79-npm/steam-crypto/steam-crypto.js
7,0,./parser/test_scripts/pkg/test/test-79-npm/stripe/stripe.js
4,0,./parser/test_scripts/pkg/test/test-79-npm/stripe/stripe@3.9.0.js
16,0,./parser/test_scripts/pkg/test/test-79-npm/stripe-webhook-middleware/stripe-webhook-middleware.js
7,0,./parser/test_scripts/pkg/test/test-79-npm/strong-globalize/strong-globalize.js
16,0,./parser/test_scripts/pkg/test/test-79-npm/stylus/stylus.js
4,0,./parser/test_scripts/pkg/test/test-79-npm/supervisor/fixture.js
10,0,./parser/test_scripts/pkg/test/test-79-npm/supervisor/supervisor.js
8,1,./parser/test_scripts/pkg/test/test-79-npm/supervisor/supervisor.meta.js
7,0,./parser/test_scripts/pkg/test/test-79-npm/svgo/svgo.js
7,0,./parser/test_scripts/pkg/test/test-79-npm/tabtab/tabtab.js
27,0,./parser/test_scripts/pkg/test/test-79-npm/tesseract.js/tesseract.js.js
8,1,./parser/test_scripts/pkg/test/test-79-npm/tesseract.js/tesseract.js.meta.js
14,0,./parser/test_scripts/pkg/test/test-79-npm/throng/throng.js
8,1,./parser/test_scripts/pkg/test/test-79-npm/throng/throng.meta.js
10,0,./parser/test_scripts/pkg/test/test-79-npm/time/time.js
10,1,./parser/test_scripts/pkg/test/test-79-npm/time/time.meta.js
50,3,./parser/test_scripts/pkg/test/test-79-npm/times.js
7,0,./parser/test_scripts/pkg/test/test-79-npm/tinify/tinify.js
8,0,./parser/test_scripts/pkg/test/test-79-npm/tiny-worker/fixture.js
12,1,./parser/test_scripts/pkg/test/test-79-npm/tiny-worker/tiny-worker.js
7,0,./parser/test_scripts/pkg/test/test-79-npm/tmp/tmp.js
12,0,./parser/test_scripts/pkg/test/test-79-npm/transformers/transformers.js
9,0,./parser/test_scripts/pkg/test/test-79-npm/uglify-js/uglify-js.js
13,0,./parser/test_scripts/pkg/test/test-79-npm/uglify-js/uglify-js@2.7.5.js
7,0,./parser/test_scripts/pkg/test/test-79-npm/umd/umd.js
4,0,./parser/test_scripts/pkg/test/test-79-npm/umd/umd@2.1.0.js
7,0,./parser/test_scripts/pkg/test/test-79-npm/underscore/underscore.js
7,0,./parser/test_scripts/pkg/test/test-79-npm/union/union.js
37,2,./parser/test_scripts/pkg/test/test-79-npm/update-notifier/update-notifier.js
10,1,./parser/test_scripts/pkg/test/test-79-npm/update-notifier/update-notifier.meta.js
9,0,./parser/test_scripts/pkg/test/test-79-npm/usage/usage.js
11,1,./parser/test_scripts/pkg/test/test-79-npm/usage/usage.meta.js
29,1,./parser/test_scripts/pkg/test/test-79-npm/v8flags/v8flags.js
29,1,./parser/test_scripts/pkg/test/test-79-npm/v8flags/v8flags@2.1.1.js
7,0,./parser/test_scripts/pkg/test/test-79-npm/verror/verror.js
7,0,./parser/test_scripts/pkg/test/test-79-npm/voc/voc.js
10,0,./parser/test_scripts/pkg/test/test-79-npm/webdriverio/webdriverio.js
15,1,./parser/test_scripts/pkg/test/test-79-npm/winston/winston.js
15,1,./parser/test_scripts/pkg/test/test-79-npm/winston-uber/winston-uber.js
8,0,./parser/test_scripts/pkg/test/test-79-npm/ws/ws.js
4,0,./parser/test_scripts/pkg/test/test-79-npm/ws/ws@0.5.0.js
12,0,./parser/test_scripts/pkg/test/test-79-npm/xlsx/xlsx.js
11,0,./parser/test_scripts/pkg/test/test-79-npm/xml2js/xml2js.js
8,0,./parser/test_scripts/pkg/test/test-79-npm/yargs/yargs.js
7,0,./parser/test_scripts/pkg/test/test-79-npm/zeromq/zeromq.js
11,1,./parser/test_scripts/pkg/test/test-79-npm/zeromq/zeromq.meta.js
2,0,./parser/test_scripts/pkg/test/test-80-compression/test-empty.js
14,0,./parser/test_scripts/pkg/test/test-80-compression/test-x.js
2,0,./parser/test_scripts/pkg/test/test-80-compression-node-opcua/test-empty.js
13,0,./parser/test_scripts/pkg/test/test-80-compression-node-opcua/test-x.js
7,0,./parser/test_scripts/pkg/test/test-80-compression-node-opcua/test-y.js
91,6,./parser/test_scripts/pkg/test/test-80-compression-various-file-access/test.js
76,3,./parser/test_scripts/pkg/test/test-80-compression-various-file-access/test_with_new_fs_promises.js
19,0,./parser/test_scripts/pkg/test/test-99-#1120-mkdir-mountpoints/test-x-index.js
11,0,./parser/test_scripts/pkg/test/test-99-#1121-regexp-mountpoints/plugins-D-ext/test-y-require-D.js
18,0,./parser/test_scripts/pkg/test/test-99-#1121-regexp-mountpoints/test-x-index.js
4,0,./parser/test_scripts/pkg/test/test-99-#1130/files/a.js
4,0,./parser/test_scripts/pkg/test/test-99-#1130/files/b.js
33,1,./parser/test_scripts/pkg/test/test-99-#1130/read.js
6,0,./parser/test_scripts/pkg/test/test-99-#1135/index.js
5,0,./parser/test_scripts/pkg/test/test-99-#1191/index.js
48,0,./parser/test_scripts/pkg/test/test-99-#1192/src/index.js
4,0,./parser/test_scripts/pkg/test/test-99-#1207/index.js
33,2,./parser/test_scripts/pkg/test/test-99-#1505/stat.js
15,0,./parser/test_scripts/pkg/test/test-99-#775/a.js
5,0,./parser/test_scripts/pkg/test/test-99-#775/b.js
36,2,./parser/test_scripts/pkg/test/test-99-#938-withfiletypes/read.js
193,13,./parser/test_scripts/pkg/test/utils.js
