13,0,./parser/test_scripts/normalizr/.babelrc.js
133,0,./parser/test_scripts/normalizr/.eslintrc.js
35,0,./parser/test_scripts/normalizr/examples/github/index.js
34,0,./parser/test_scripts/normalizr/examples/github/schema.js
202,6,./parser/test_scripts/normalizr/examples/redux/index.js
8,0,./parser/test_scripts/normalizr/examples/redux/src/api/index.js
43,0,./parser/test_scripts/normalizr/examples/redux/src/api/schema.js
13,1,./parser/test_scripts/normalizr/examples/redux/src/redux/actions.js
8,0,./parser/test_scripts/normalizr/examples/redux/src/redux/index.js
21,0,./parser/test_scripts/normalizr/examples/redux/src/redux/reducer.js
6,0,./parser/test_scripts/normalizr/examples/redux/src/redux/selectors.js
10,0,./parser/test_scripts/normalizr/examples/relationships/index.js
11,0,./parser/test_scripts/normalizr/husky.config.js
4,0,./parser/test_scripts/normalizr/jest.config.js
6,0,./parser/test_scripts/normalizr/lint-staged.config.js
7,0,./parser/test_scripts/normalizr/prettier.config.js
22,0,./parser/test_scripts/normalizr/rollup.config.js
42,4,./parser/test_scripts/normalizr/src/schemas/Array.js
44,2,./parser/test_scripts/normalizr/src/schemas/ImmutableUtils.js
53,0,./parser/test_scripts/normalizr/src/schemas/Polymorphic.js
19,0,./parser/test_scripts/normalizr/src/schemas/Union.js
69,0,./parser/test_scripts/normalizr/src/schemas/__tests__/Object.test.js
105,0,./parser/test_scripts/normalizr/src/schemas/__tests__/Union.test.js
115,0,./parser/test_scripts/normalizr/src/schemas/__tests__/Values.test.js
