85,0,./parser/test_scripts/slash/.eslintrc.js
14,0,./parser/test_scripts/slash/babel.config.js
4,0,./parser/test_scripts/slash/docs/babel.config.js
190,2,./parser/test_scripts/slash/docs/docusaurus.config.js
19,2,./parser/test_scripts/slash/docs/scripts/webpack5-compat.js
38,0,./parser/test_scripts/slash/docs/sidebars.libraries.js
40,1,./parser/test_scripts/slash/jest.config.js
2,0,./parser/test_scripts/slash/packages/common/assert/babel.config.js
5,0,./parser/test_scripts/slash/packages/common/assert/jest.config.js
6,0,./parser/test_scripts/slash/packages/common/assert/rollup.config.js
2,0,./parser/test_scripts/slash/packages/common/crypto/babel.config.js
6,0,./parser/test_scripts/slash/packages/common/crypto/jest.config.js
6,0,./parser/test_scripts/slash/packages/common/crypto/rollup.config.js
2,0,./parser/test_scripts/slash/packages/common/date/babel.config.js
5,0,./parser/test_scripts/slash/packages/common/date/jest.config.js
6,0,./parser/test_scripts/slash/packages/common/date/rollup.config.js
2,0,./parser/test_scripts/slash/packages/common/hangul/babel.config.js
5,0,./parser/test_scripts/slash/packages/common/hangul/jest.config.js
6,0,./parser/test_scripts/slash/packages/common/hangul/rollup.config.js
2,0,./parser/test_scripts/slash/packages/common/ky/babel.config.js
5,0,./parser/test_scripts/slash/packages/common/ky/jest.config.js
2,0,./parser/test_scripts/slash/packages/common/sentry/babel.config.js
4,0,./parser/test_scripts/slash/packages/common/sentry/jest.config.js
2,0,./parser/test_scripts/slash/packages/common/storage/babel.config.js
5,0,./parser/test_scripts/slash/packages/common/storage/jest.config.js
2,0,./parser/test_scripts/slash/packages/common/utils/babel.config.js
5,0,./parser/test_scripts/slash/packages/common/utils/jest.config.js
6,0,./parser/test_scripts/slash/packages/common/utils/rollup.config.js
2,0,./parser/test_scripts/slash/packages/common/validators/babel.config.js
4,0,./parser/test_scripts/slash/packages/common/validators/jest.config.js
6,0,./parser/test_scripts/slash/packages/common/validators/rollup.config.js
2,0,./parser/test_scripts/slash/packages/react/a11y/babel.config.js
6,0,./parser/test_scripts/slash/packages/react/a11y/jest.config.js
6,0,./parser/test_scripts/slash/packages/react/a11y/rollup.config.js
2,0,./parser/test_scripts/slash/packages/react/async-boundary/babel.config.js
6,0,./parser/test_scripts/slash/packages/react/async-boundary/jest.config.js
9,0,./parser/test_scripts/slash/packages/react/async-boundary/jest.setup.js
6,0,./parser/test_scripts/slash/packages/react/async-boundary/rollup.config.js
2,0,./parser/test_scripts/slash/packages/react/async-stylesheet/babel.config.js
6,0,./parser/test_scripts/slash/packages/react/async-stylesheet/rollup.config.js
4,0,./parser/test_scripts/slash/packages/react/emotion-utils/babel.config.js
6,0,./parser/test_scripts/slash/packages/react/emotion-utils/jest.config.js
6,0,./parser/test_scripts/slash/packages/react/emotion-utils/rollup.config.js
2,0,./parser/test_scripts/slash/packages/react/error-boundary/babel.config.js
5,0,./parser/test_scripts/slash/packages/react/error-boundary/jest.config.js
6,0,./parser/test_scripts/slash/packages/react/error-boundary/rollup.config.js
2,0,./parser/test_scripts/slash/packages/react/framer-motion/babel.config.js
6,0,./parser/test_scripts/slash/packages/react/framer-motion/jest.config.js
9,0,./parser/test_scripts/slash/packages/react/framer-motion/jest.setup.js
6,0,./parser/test_scripts/slash/packages/react/framer-motion/rollup.config.js
2,0,./parser/test_scripts/slash/packages/react/impression-area/babel.config.js
5,0,./parser/test_scripts/slash/packages/react/impression-area/jest.config.js
6,0,./parser/test_scripts/slash/packages/react/impression-area/rollup.config.js
2,0,./parser/test_scripts/slash/packages/react/lottie/babel.config.js
6,0,./parser/test_scripts/slash/packages/react/lottie/rollup.config.js
2,0,./parser/test_scripts/slash/packages/react/react/babel.config.js
5,0,./parser/test_scripts/slash/packages/react/react/jest.config.js
3,0,./parser/test_scripts/slash/packages/react/react/jest.setup.js
6,0,./parser/test_scripts/slash/packages/react/react/rollup.config.js
2,0,./parser/test_scripts/slash/packages/react/react-query/babel.config.js
6,0,./parser/test_scripts/slash/packages/react/react-query/rollup.config.js
2,0,./parser/test_scripts/slash/packages/react/recoil/babel.config.js
5,0,./parser/test_scripts/slash/packages/react/recoil/jest.config.js
6,0,./parser/test_scripts/slash/packages/react/recoil/rollup.config.js
2,0,./parser/test_scripts/slash/packages/react/redirect/babel.config.js
4,0,./parser/test_scripts/slash/packages/react/redirect/jest.config.js
3,0,./parser/test_scripts/slash/packages/react/redirect/jest.setup.js
6,0,./parser/test_scripts/slash/packages/react/redirect/rollup.config.js
2,0,./parser/test_scripts/slash/packages/react/scroll-animation/babel.config.js
6,0,./parser/test_scripts/slash/packages/react/scroll-animation/jest.config.js
9,0,./parser/test_scripts/slash/packages/react/scroll-animation/jest.setup.js
6,0,./parser/test_scripts/slash/packages/react/scroll-animation/rollup.config.js
2,0,./parser/test_scripts/slash/packages/react/use-funnel/babel.config.js
5,0,./parser/test_scripts/slash/packages/react/use-funnel/jest.config.js
6,0,./parser/test_scripts/slash/packages/react/use-funnel/rollup.config.js
2,0,./parser/test_scripts/slash/packages/react/use-loading/babel.config.js
5,0,./parser/test_scripts/slash/packages/react/use-loading/jest.config.js
6,0,./parser/test_scripts/slash/packages/react/use-loading/rollup.config.js
2,0,./parser/test_scripts/slash/packages/react/use-overlay/babel.config.js
5,0,./parser/test_scripts/slash/packages/react/use-overlay/jest.config.js
5,0,./parser/test_scripts/slash/packages/react/use-overlay/jest.setup.js
6,0,./parser/test_scripts/slash/packages/react/use-overlay/rollup.config.js
2,0,./parser/test_scripts/slash/packages/react/use-query-param/babel.config.js
5,0,./parser/test_scripts/slash/packages/react/use-query-param/jest.config.js
3,0,./parser/test_scripts/slash/packages/react/use-query-param/jest.setup.js
6,0,./parser/test_scripts/slash/packages/react/use-query-param/rollup.config.js
