8,0,./parser/test_scripts/react-window/babel.config.js
97,1,./parser/test_scripts/react-window/rollup.config.js
10,0,./parser/test_scripts/react-window/src/index.js
33,0,./parser/test_scripts/react-window/src/__tests__/areEqual.js
92,1,./parser/test_scripts/react-window/website/config/env.js
6,0,./parser/test_scripts/react-window/website/config/jest/babelTransform.js
13,0,./parser/test_scripts/react-window/website/config/jest/cssTransform.js
21,0,./parser/test_scripts/react-window/website/config/jest/fileTransform.js
8,0,./parser/test_scripts/react-window/website/config/jest/graphqlTransform.js
60,4,./parser/test_scripts/react-window/website/config/paths.js
21,0,./parser/test_scripts/react-window/website/config/polyfills.js
63,3,./parser/test_scripts/react-window/website/config/utils/getLocalIdent.js
368,1,./parser/test_scripts/react-window/website/config/webpack.config.dev.js
492,1,./parser/test_scripts/react-window/website/config/webpack.config.prod.js
94,1,./parser/test_scripts/react-window/website/config/webpackDevServer.config.js
39,2,./parser/test_scripts/react-window/website/sandboxes/fixed-size-grid/index.js
27,2,./parser/test_scripts/react-window/website/sandboxes/fixed-size-list-horizontal/index.js
26,2,./parser/test_scripts/react-window/website/sandboxes/fixed-size-list-vertical/index.js
27,2,./parser/test_scripts/react-window/website/sandboxes/scrolling-indicators/index.js
48,2,./parser/test_scripts/react-window/website/sandboxes/variable-size-grid/index.js
35,3,./parser/test_scripts/react-window/website/sandboxes/variable-size-list-horizontal/index.js
34,3,./parser/test_scripts/react-window/website/sandboxes/variable-size-list-vertical/index.js
162,2,./parser/test_scripts/react-window/website/scripts/build.js
118,0,./parser/test_scripts/react-window/website/scripts/start.js
29,0,./parser/test_scripts/react-window/website/scripts/test.js
121,2,./parser/test_scripts/react-window/website/scripts/utils/createJestConfig.js
144,2,./parser/test_scripts/react-window/website/scripts/utils/verifyPackageTree.js
141,1,./parser/test_scripts/react-window/website/src/App.js
16,0,./parser/test_scripts/react-window/website/src/code/areEqual.js
20,2,./parser/test_scripts/react-window/website/src/code/FixedSizeGrid.js
15,0,./parser/test_scripts/react-window/website/src/code/FixedSizeGridChildrenClass.js
7,0,./parser/test_scripts/react-window/website/src/code/FixedSizeGridChildrenFunction.js
30,0,./parser/test_scripts/react-window/website/src/code/FixedSizeGridItemData.js
11,1,./parser/test_scripts/react-window/website/src/code/FixedSizeGridItemKey.js
12,1,./parser/test_scripts/react-window/website/src/code/FixedSizeGridOnItemsRendered.js
15,1,./parser/test_scripts/react-window/website/src/code/FixedSizeGridOnScroll.js
21,2,./parser/test_scripts/react-window/website/src/code/FixedSizeGridRtl.js
15,0,./parser/test_scripts/react-window/website/src/code/FixedSizeListChildrenClass.js
7,0,./parser/test_scripts/react-window/website/src/code/FixedSizeListChildrenFunction.js
17,2,./parser/test_scripts/react-window/website/src/code/FixedSizeListHorizontal.js
19,2,./parser/test_scripts/react-window/website/src/code/FixedSizeListHorizontalRtl.js
28,0,./parser/test_scripts/react-window/website/src/code/FixedSizeListItemData.js
9,1,./parser/test_scripts/react-window/website/src/code/FixedSizeListItemKey.js
8,1,./parser/test_scripts/react-window/website/src/code/FixedSizeListOnItemsRendered.js
13,1,./parser/test_scripts/react-window/website/src/code/FixedSizeListOnScroll.js
16,2,./parser/test_scripts/react-window/website/src/code/FixedSizeListVertical.js
56,1,./parser/test_scripts/react-window/website/src/code/MemoizedListItems.js
17,2,./parser/test_scripts/react-window/website/src/code/ScrollingIndicatorList.js
28,0,./parser/test_scripts/react-window/website/src/code/ScrollToItemGrid.js
15,0,./parser/test_scripts/react-window/website/src/code/ScrollToItemList.js
29,2,./parser/test_scripts/react-window/website/src/code/VariableSizeGrid.js
3,1,./parser/test_scripts/react-window/website/src/code/VariableSizeGridColumnWidth.js
3,1,./parser/test_scripts/react-window/website/src/code/VariableSizeGridRowHeight.js
25,3,./parser/test_scripts/react-window/website/src/code/VariableSizeListHorizontal.js
3,1,./parser/test_scripts/react-window/website/src/code/VariableSizeListItemSize.js
24,3,./parser/test_scripts/react-window/website/src/code/VariableSizeListVertical.js
18,1,./parser/test_scripts/react-window/website/src/components/CodeBlock.js
58,1,./parser/test_scripts/react-window/website/src/components/CodeSandboxLink.js
11,0,./parser/test_scripts/react-window/website/src/components/Method.js
30,1,./parser/test_scripts/react-window/website/src/components/MobileGitHubButton.js
21,1,./parser/test_scripts/react-window/website/src/components/MobileNavButton.js
28,1,./parser/test_scripts/react-window/website/src/components/SubMenu.js
8,0,./parser/test_scripts/react-window/website/src/index.js
37,0,./parser/test_scripts/react-window/website/src/routes/api/areEqual.js
488,0,./parser/test_scripts/react-window/website/src/routes/api/FixedSizeGrid.js
443,0,./parser/test_scripts/react-window/website/src/routes/api/FixedSizeList.js
38,0,./parser/test_scripts/react-window/website/src/routes/api/shouldComponentUpdate.js
163,0,./parser/test_scripts/react-window/website/src/routes/api/VariableSizeGrid.js
100,0,./parser/test_scripts/react-window/website/src/routes/api/VariableSizeList.js
61,0,./parser/test_scripts/react-window/website/src/routes/examples/FixedSizeGrid.js
74,0,./parser/test_scripts/react-window/website/src/routes/examples/FixedSizeList.js
52,0,./parser/test_scripts/react-window/website/src/routes/examples/ListWithScrollingIndicator.js
154,8,./parser/test_scripts/react-window/website/src/routes/examples/RTLLayout.js
65,0,./parser/test_scripts/react-window/website/src/routes/examples/VariableSizeGrid.js
78,0,./parser/test_scripts/react-window/website/src/routes/examples/VariableSizeList.js
58,5,./parser/test_scripts/react-window/website/webpack/codemirror-loader.js
