271,9,./parser/test_scripts/octotree/gulpfile.js
1427,13,./parser/test_scripts/octotree/libs/file-icons.js
6,15,./parser/test_scripts/octotree/libs/jquery-ui.js
4,158,./parser/test_scripts/octotree/libs/jquery.js
6,96,./parser/test_scripts/octotree/libs/jstree.js
297,19,./parser/test_scripts/octotree/libs/keymaster.js
899,32,./parser/test_scripts/octotree/libs/ondemand/jquery.pjax.js
420,1,./parser/test_scripts/octotree/src/adapters/adapter.js
356,0,./parser/test_scripts/octotree/src/adapters/github.js
139,2,./parser/test_scripts/octotree/src/adapters/pjax.js
1,0,./parser/test_scripts/octotree/src/config/wex/background.js
119,0,./parser/test_scripts/octotree/src/core.api.js
53,0,./parser/test_scripts/octotree/src/core.constants.js
46,0,./parser/test_scripts/octotree/src/core.plugins.js
173,2,./parser/test_scripts/octotree/src/core.storage.js
339,19,./parser/test_scripts/octotree/src/main.js
13,2,./parser/test_scripts/octotree/src/util.async.js
8,1,./parser/test_scripts/octotree/src/util.deXss.js
11,2,./parser/test_scripts/octotree/src/util.misc.js
26,1,./parser/test_scripts/octotree/src/util.module.js
31,2,./parser/test_scripts/octotree/src/util.plugins.js
17,0,./parser/test_scripts/octotree/src/view.error.js
33,1,./parser/test_scripts/octotree/src/view.help.js
97,0,./parser/test_scripts/octotree/src/view.options.js
186,4,./parser/test_scripts/octotree/src/view.tree.js
