37,0,./parser/test_scripts/BioDrop/.github/scripts/check-filenames.js
43,1,./parser/test_scripts/BioDrop/.storybook/preview.js
19,1,./parser/test_scripts/BioDrop/components/account/manage/Delete.js
17,1,./parser/test_scripts/BioDrop/components/account/manage/Edit.js
78,1,./parser/test_scripts/BioDrop/components/account/manage/Navigation.js
31,1,./parser/test_scripts/BioDrop/components/admin/Navigation.js
49,1,./parser/test_scripts/BioDrop/components/Alert.js
70,1,./parser/test_scripts/BioDrop/components/Badge.js
53,1,./parser/test_scripts/BioDrop/components/BreadCrumb.js
17,1,./parser/test_scripts/BioDrop/components/Bulb.js
43,1,./parser/test_scripts/BioDrop/components/CallToAction.js
57,3,./parser/test_scripts/BioDrop/components/ClipboardCopy.js
95,1,./parser/test_scripts/BioDrop/components/ConfirmDialog.js
32,1,./parser/test_scripts/BioDrop/components/DataList.js
62,1,./parser/test_scripts/BioDrop/components/EditOnGithub.js
14,1,./parser/test_scripts/BioDrop/components/embeds/Youtube.js
94,1,./parser/test_scripts/BioDrop/components/event/EventKey.js
239,1,./parser/test_scripts/BioDrop/components/Footer.js
48,1,./parser/test_scripts/BioDrop/components/form/Toggle.js
53,1,./parser/test_scripts/BioDrop/components/IconSearch.js
8,1,./parser/test_scripts/BioDrop/components/layouts/BlankLayout.js
30,1,./parser/test_scripts/BioDrop/components/map/Map.js
39,1,./parser/test_scripts/BioDrop/components/map/UserMarker.js
12,1,./parser/test_scripts/BioDrop/components/mdx/BlockQuote.js
15,0,./parser/test_scripts/BioDrop/components/mdx/ComponentStyle.js
19,2,./parser/test_scripts/BioDrop/components/mdx/H2.js
4,1,./parser/test_scripts/BioDrop/components/mdx/Li.js
6,1,./parser/test_scripts/BioDrop/components/mdx/Strong.js
8,1,./parser/test_scripts/BioDrop/components/mdx/Table.js
62,1,./parser/test_scripts/BioDrop/components/Modal.js
99,1,./parser/test_scripts/BioDrop/components/Notification.js
4,1,./parser/test_scripts/BioDrop/components/Page.js
31,1,./parser/test_scripts/BioDrop/components/PageHead.js
129,2,./parser/test_scripts/BioDrop/components/Pagination.js
13,1,./parser/test_scripts/BioDrop/components/SkipLink.js
13,1,./parser/test_scripts/BioDrop/components/statistics/ProgressBar.js
41,2,./parser/test_scripts/BioDrop/components/statistics/StatsChart.js
50,1,./parser/test_scripts/BioDrop/components/Tabs.js
26,1,./parser/test_scripts/BioDrop/components/tag/Tag.js
15,1,./parser/test_scripts/BioDrop/components/tag/TagSimple.js
55,1,./parser/test_scripts/BioDrop/components/Testimonials.js
107,3,./parser/test_scripts/BioDrop/components/user/UserLink.js
78,3,./parser/test_scripts/BioDrop/components/user/UserMilestone.js
95,1,./parser/test_scripts/BioDrop/components/user/UserMini.js
70,3,./parser/test_scripts/BioDrop/components/user/UserRepos.js
20,1,./parser/test_scripts/BioDrop/components/user/UserSocials.js
18,0,./parser/test_scripts/BioDrop/config/logger.js
36,1,./parser/test_scripts/BioDrop/config/mongo.js
40,0,./parser/test_scripts/BioDrop/config/schemas/jsonProfileSchemas.js
22,0,./parser/test_scripts/BioDrop/config/socials.js
14,1,./parser/test_scripts/BioDrop/config/stripe.js
13,0,./parser/test_scripts/BioDrop/constants/index.js
75,0,./parser/test_scripts/BioDrop/models/Account.js
22,0,./parser/test_scripts/BioDrop/models/index.js
66,0,./parser/test_scripts/BioDrop/models/Link.js
38,0,./parser/test_scripts/BioDrop/models/LinkStats.js
61,0,./parser/test_scripts/BioDrop/models/Profile/Event.js
44,0,./parser/test_scripts/BioDrop/models/Profile/Milestone.js
58,0,./parser/test_scripts/BioDrop/models/Profile/Repo.js
147,0,./parser/test_scripts/BioDrop/models/Profile.js
41,0,./parser/test_scripts/BioDrop/models/ProfileStats.js
22,0,./parser/test_scripts/BioDrop/models/Session.js
43,0,./parser/test_scripts/BioDrop/models/Stats.js
42,0,./parser/test_scripts/BioDrop/models/User.js
24,0,./parser/test_scripts/BioDrop/models/VerificationToken.js
78,3,./parser/test_scripts/BioDrop/pages/api/account/account.js
86,2,./parser/test_scripts/BioDrop/pages/api/account/manage/events.js
223,5,./parser/test_scripts/BioDrop/pages/api/account/manage/link/[[...data]].js
71,3,./parser/test_scripts/BioDrop/pages/api/account/manage/links.js
55,2,./parser/test_scripts/BioDrop/pages/api/account/manage/milestones.js
114,3,./parser/test_scripts/BioDrop/pages/api/account/manage/profile.js
55,2,./parser/test_scripts/BioDrop/pages/api/account/manage/repos.js
77,3,./parser/test_scripts/BioDrop/pages/api/account/manage/settings.js
123,4,./parser/test_scripts/BioDrop/pages/api/account/manage/testimonials.js
123,2,./parser/test_scripts/BioDrop/pages/api/account/statistics.js
66,2,./parser/test_scripts/BioDrop/pages/api/admin/profiles.js
88,2,./parser/test_scripts/BioDrop/pages/api/admin/stats.js
41,2,./parser/test_scripts/BioDrop/pages/api/discover/profiles.js
55,2,./parser/test_scripts/BioDrop/pages/api/discover/random.js
62,2,./parser/test_scripts/BioDrop/pages/api/discover/tags.js
90,2,./parser/test_scripts/BioDrop/pages/api/events.js
91,1,./parser/test_scripts/BioDrop/pages/api/profiles/[username]/links/[_id].js
65,2,./parser/test_scripts/BioDrop/pages/api/repos.js
22,1,./parser/test_scripts/BioDrop/pages/api/revalidate.js
61,1,./parser/test_scripts/BioDrop/pages/api/search/index.js
48,2,./parser/test_scripts/BioDrop/pages/api/statistics/today.js
37,1,./parser/test_scripts/BioDrop/pages/api/system/stats.js
311,1,./parser/test_scripts/BioDrop/pages/api/system/stripe.js
63,4,./parser/test_scripts/BioDrop/pages/auth/signin.js
7,0,./parser/test_scripts/BioDrop/postcss.config.js
16,1,./parser/test_scripts/BioDrop/public/logos/Logo.js
26,1,./parser/test_scripts/BioDrop/public/logos/LogoWide.js
58,2,./parser/test_scripts/BioDrop/services/github/getLocation.js
59,2,./parser/test_scripts/BioDrop/services/github/getRepo.js
7,1,./parser/test_scripts/BioDrop/services/utils/abbreviateNumbers.js
5,1,./parser/test_scripts/BioDrop/services/utils/classNames.js
7,1,./parser/test_scripts/BioDrop/services/utils/objectToLabelValueArray.js
21,2,./parser/test_scripts/BioDrop/services/utils/search/tags.js
8,0,./parser/test_scripts/BioDrop/stories/components/Footer.stories.js
23,0,./parser/test_scripts/BioDrop/stories/components/form/Select.stories.js
8,0,./parser/test_scripts/BioDrop/stories/components/navbar/Navbar.stories.js
18,0,./parser/test_scripts/BioDrop/stories/components/user/UserLink.stories.js
14,0,./parser/test_scripts/BioDrop/stories/components/user/UserTestimonials.stories.js
49,0,./parser/test_scripts/BioDrop/tailwind.config.js
33,0,./parser/test_scripts/BioDrop/tests/404.spec.js
62,0,./parser/test_scripts/BioDrop/tests/admin/events.spec.js
62,0,./parser/test_scripts/BioDrop/tests/admin/profiles.spec.js
65,0,./parser/test_scripts/BioDrop/tests/admin/statistics.spec.js
59,0,./parser/test_scripts/BioDrop/tests/changelog.spec.js
48,0,./parser/test_scripts/BioDrop/tests/discover.spec.js
43,0,./parser/test_scripts/BioDrop/tests/docs/docs.spec.js
13,0,./parser/test_scripts/BioDrop/tests/docs/quickstart.spec.js
51,0,./parser/test_scripts/BioDrop/tests/events.spec.js
52,0,./parser/test_scripts/BioDrop/tests/home.spec.js
60,0,./parser/test_scripts/BioDrop/tests/icon.spec.js
19,0,./parser/test_scripts/BioDrop/tests/login.spec.js
50,0,./parser/test_scripts/BioDrop/tests/manage/events.spec.js
50,0,./parser/test_scripts/BioDrop/tests/manage/links.spec.js
50,0,./parser/test_scripts/BioDrop/tests/manage/milestones.spec.js
72,0,./parser/test_scripts/BioDrop/tests/manage/premium.spec.js
71,0,./parser/test_scripts/BioDrop/tests/manage/profile.spec.js
50,0,./parser/test_scripts/BioDrop/tests/manage/repos.spec.js
50,0,./parser/test_scripts/BioDrop/tests/manage/statistics.spec.js
50,0,./parser/test_scripts/BioDrop/tests/manage/testimonials.spec.js
36,0,./parser/test_scripts/BioDrop/tests/map.spec.js
70,0,./parser/test_scripts/BioDrop/tests/playground.spec.js
116,0,./parser/test_scripts/BioDrop/tests/profile.spec.js
43,0,./parser/test_scripts/BioDrop/tests/repos.spec.js
129,0,./parser/test_scripts/BioDrop/tests/search.spec.js
77,1,./parser/test_scripts/BioDrop/tests/setup/global-setup.js
34,1,./parser/test_scripts/BioDrop/tests/setup/global-teardown.js
9,0,./parser/test_scripts/BioDrop/tests/setup/test-users.js
73,0,./parser/test_scripts/BioDrop/tests/util/reload-check.js
77,1,./parser/test_scripts/BioDrop/tests/util/reload-fake.js
